#
# A fatal error has been detected by the Java Runtime Environment:
#
#  EXCEPTION_ACCESS_VIOLATION (0xc0000005) at pc=0x00000000816a06a0, pid=17236, tid=17944
#
# JRE version: Java(TM) SE Runtime Environment (25.0.1+8) (build 25.0.1+8-LTS-27)
# Java VM: Java HotSpot(TM) 64-Bit Server VM (25.0.1+8-LTS-27, mixed mode, sharing, tiered, compressed oops, compressed class ptrs, g1 gc, windows-amd64)
# Problematic frame:
# C  0x00000000816a06a0
#
# No core dump will be written. Minidumps are not enabled by default on client versions of Windows
#
# If you would like to submit a bug report, please visit:
#   https://bugreport.java.com/bugreport/crash.jsp
#

---------------  S U M M A R Y ------------

Command Line: -Djdk.xml.maxGeneralEntitySizeLimit=0 -Djdk.xml.totalEntitySizeLimit=0 --add-modules=ALL-SYSTEM --add-opens=java.base/java.util=ALL-UNNAMED --add-opens=java.base/java.lang=ALL-UNNAMED --add-opens=java.base/sun.nio.fs=ALL-UNNAMED -Declipse.application=org.eclipse.jdt.ls.core.id1 -Dosgi.bundles.defaultStartLevel=4 -Declipse.product=org.eclipse.jdt.ls.core.product -Djava.import.generatesMetadataFilesAtProjectRoot=false -DDetectVMInstallationsJob.disabled=true -Dfile.encoding=utf8 -Xlog:disable -javaagent:c:\Users\sergo\.vscode\extensions\redhat.java-1.53.0-win32-x64\lombok\lombok-1.18.39-4050.jar -XX:+HeapDumpOnOutOfMemoryError -XX:HeapDumpPath=c:\Users\sergo\AppData\Roaming\Code\User\workspaceStorage\db49f89d07d1c5c395ac5ca1974daf77\redhat.java -Daether.dependencyCollector.impl=bf c:\Users\sergo\.vscode\extensions\redhat.java-1.53.0-win32-x64\server\plugins\org.eclipse.equinox.launcher_1.7.100.v20251111-0406.jar -configuration c:\Users\sergo\AppData\Roaming\Code\User\globalStorage\redhat.java\1.53.0\config_win -data c:\Users\sergo\AppData\Roaming\Code\User\workspaceStorage\db49f89d07d1c5c395ac5ca1974daf77\redhat.java\jdt_ws --pipe=\\.\pipe\lsp-0de796f205323dcd79fc79e01080adf3-sock

Host: Intel(R) Xeon(R) CPU E5-2670 v3 @ 2.30GHz, 24 cores, 23G,  Windows 10 , 64 bit Build 19041 (10.0.19041.5915)
Time: Fri Mar 27 19:59:25 2026 elapsed time: 1933.524532 seconds (0d 0h 32m 13s)

---------------  T H R E A D  ---------------

Current thread (0x0000020fee610140):  WorkerThread "GC Thread#12"   [id=17944, stack(0x0000002677600000,0x0000002677700000) (1024K)]

Stack: [0x0000002677600000,0x0000002677700000],  sp=0x00000026776ff128,  free space=1020k
Native frames: (J=compiled Java code, j=interpreted, Vv=VM code, C=native code)
C  0x00000000816a06a0  (no source info available)


siginfo: EXCEPTION_ACCESS_VIOLATION (0xc0000005), data execution prevention violation at address 0x00000000816a06a0


Registers:
RAX=0x000000008251f720, RBX=0x0000000000000079, RCX=0x000000008251f760, RDX=0x00000007f5075ab8
RSP=0x00000026776ff128, RBP=0x00000026776ff1b0, RSI=0x0000020fc4eb70c0, RDI=0x000000008251f760
R8 =0x000000008251f760, R9 =0x0000000000000000, R10=0x0000000000000000, R11=0x0000000000000001
R12=0x00000026776ff210, R13=0x0000020ff0e79ac0, R14=0x000000000000829f, R15=0x00000007f5075ab8
RIP=0x00000000816a06a0, EFLAGS=0x0000000000010246

XMM[0]=0x0000003a00184860 0x0000000000000079
XMM[1]=0x0061006c002f0061 0x00760061006a004c
XMM[2]=0x006e0069006d002f 0x00740065006e007c
XMM[3]=0x0063002f006b0072 0x006f007700740065
XMM[4]=0x006100720054002f 0x00730074006e0065
XMM[5]=0x004f002f0067006e 0x0061006c002f0061
XMM[6]=0x0000000000000000 0x0000000000000000
XMM[7]=0x0000000000000000 0x0000000000000000
XMM[8]=0x0000000000000000 0x0000000000000000
XMM[9]=0x0000000000000000 0x0000000000000000
XMM[10]=0x0000000000000000 0x0000000000000000
XMM[11]=0x0000000000000000 0x0000000000000000
XMM[12]=0x0000000000000000 0x0000000000000000
XMM[13]=0x0000000000000000 0x0000000000000000
XMM[14]=0x0000000000000000 0x0000000000000000
XMM[15]=0x0000000000000000 0x0000000000000000
  MXCSR=0x00001fa0


Register to memory mapping:

RAX=0x000000008251f720 is a pointer to class: 
org.eclipse.jdt.internal.compiler.classfmt.MethodInfo {0x000000008251f728}
 - instance size:     9
 - klass size:        124
 - access:            public synchronized 
 - flags:             rewritten has_nonstatic_fields should_verify_class has_nonstatic_concrete_methods has_localvariable_table has_miranda_methods 
 - state:             fully_initialized
 - name:              'org/eclipse/jdt/internal/compiler/classfmt/MethodInfo'
 - super:             'org/eclipse/jdt/internal/compiler/classfmt/ClassFileStruct'
 - sub:               'org/eclipse/jdt/internal/compiler/classfmt/AnnotationMethodInfo'   'org/eclipse/jdt/internal/compiler/classfmt/MethodInfoWithAnnotations'   
 - arrays:            'org/eclipse/jdt/internal/compiler/classfmt/MethodInfo'[]
 - methods:           Array<T>(0x0000020fec19bbf0)
 - method ordering:   Array<T>(0x0000000081720208)
 - default_methods:   Array<T>(0x0000020fec19e950)
 - default vtable indices:   Array<T>(0x0000020fec19e960)
 - local interfaces:  Array<T>(0x0000020fec19bbd8)
 - trans. interfaces: Array<T>(0x0000020fec19e898)
 - secondary supers: Array<T>(0x0000020fec19e920)
 - hash_slot:         30
 - secondary bitmap: 0x0000a00000401004
 - constants:         constant pool [412] {0x0000020fec19adc8} for 'org/eclipse/jdt/internal/compiler/classfmt/MethodInfo' cache=0x0000020fec1a0a18
 - class loader data:  loader data: 0x0000020fed40a380 for instance a 'org/eclipse/osgi/internal/loader/EquinoxClassLoader'{0x000000068214da48}
 - source file:       'MethodInfo.java'
 - inner classes:     Array<T>(0x00000000816a06a0)
 - nest members:     Array<T>(0x00000000816a06a0)
 - permitted subclasses:     Array<T>(0x00000000816a06a0)
 - java mirror:       a 'java/lang/Class'{0x00000006833e5798} = 'org/eclipse/jdt/internal/compiler/classfmt/MethodInfo'
 - vtable length      35  (start addr: 0x000000008251f8f8)
 - itable length      29 (start addr: 0x000000008251fa10)
 - ---- static fields (1 words):
 - private static final 'ARG' '[C' @120 
 - ---- non-static fields (15 words):
 - final 'structOffset' 'I' @12 
 - 'reference' '[B' @16 
 - 'constantPoolOffsets' '[I' @20 
 - protected 'descriptor' '[C' @24 
 - protected volatile 'exceptionNames' '[[C' @28 
 - protected 'name' '[C' @32 
 - protected 'signature' '[C' @36 
 - protected volatile 'argumentNames' '[[C' @40 
 - protected 'accessFlags' 'I' @44 
 - protected 'tagBits' 'J' @48 
 - protected 'version' 'J' @56 
 - protected 'attributeBytes' 'I' @64 
 - protected 'signatureUtf8Offset' 'I' @68 
 - non-static oop maps (1 entries): 16-40 
RBX=0x0000000000000079 is an unknown value
RCX=0x000000008251f760 is pointing into metadata
RDX=
[error occurred during error reporting (printing register info), id 0xc0000005, EXCEPTION_ACCESS_VIOLATION (0xc0000005) at pc=0x00000000816a06a0]
RSP=0x00000026776ff128 points into unknown readable memory: 0x00007ffae8d1681e | 1e 68 d1 e8 fa 7f 00 00
RBP=0x00000026776ff1b0 points into unknown readable memory: 0x0000000000000040 | 40 00 00 00 00 00 00 00
RSI=0x0000020fc4eb70c0 points into unknown readable memory: 0x0000000000000000 | 00 00 00 00 00 00 00 00
RDI=0x000000008251f760 is pointing into metadata
R8 =0x000000008251f760 is pointing into metadata
R9 =0x0 is null
R10=0x0 is null
R11=0x0000000000000001 is an unknown value
R12=0x00000026776ff210 points into unknown readable memory: 0x3711806b00000101 | 01 01 00 00 6b 80 11 37
R13=0x0000020ff0e79ac0 points into unknown readable memory: 0x00007ffae9409aa8 | a8 9a 40 e9 fa 7f 00 00
R14=0x000000000000829f is an unknown value
R15=
[error occurred during error reporting (printing register info, attempt 2), id 0xc0000005, EXCEPTION_ACCESS_VIOLATION (0xc0000005) at pc=0x00000000816a06a0]

Top of Stack: (sp=0x00000026776ff128)
0x00000026776ff128:   00007ffae8d1681e 0000000000000001   .h..............
0x00000026776ff138:   00000007f3e6a238 0000000000000001   8...............
0x00000026776ff148:   000000008207ebf8 0000020fdedac65f   ........_.......
0x00000026776ff158:   0000000000000000 0000000000000000   ................
0x00000026776ff168:   ffffffffffffffff 0000020ff0000100   ................
0x00000026776ff178:   00007ffae910d6ef 0000002600000000   ............&...
0x00000026776ff188:   0000000000000005 0000000000000028   ........(.......
0x00000026776ff198:   0000000000000028 0000020ff181c680   (...............
0x00000026776ff1a8:   00007ffae8d1be51 0000000000000040   Q.......@.......
0x00000026776ff1b8:   0000020fc4eb4ba0 0000000000000000   .K..............
0x00000026776ff1c8:   0000020ff0e79ac0 00000026776ff270   ........p.ow&...
0x00000026776ff1d8:   00007ffae8d14ca8 0000020fc4eb70c0   .L.......p......
0x00000026776ff1e8:   0000020fc4eb7000 00000000000082a0   .p..............
0x00000026776ff1f8:   00000007f3e69ee4 00000007f3e69ee5   ................
0x00000026776ff208:   00007ffae8d17d88 3711806b00000101   .}..........k..7
0x00000026776ff218:   0000020ff0e79ac0 00000026776ff330   ........0.ow&...
0x00000026776ff228:   00007ffae8d1cfdc 00000007f70cbfd8   ................
0x00000026776ff238:   00007ffae8d1d024 00000007f70cc000   $...............
0x00000026776ff248:   00007ffae90bea8f 00000026776ff2d0   ..........ow&...
0x00000026776ff258:   00007ffae8d1df6d 00000007f70cbffc   m...............
0x00000026776ff268:   00007ffae8d1ff00 00000026776ff4b0   ..........ow&...
0x00000026776ff278:   00000026776ff4b0 00000000000005d6   ..ow&...........
0x00000026776ff288:   00000007f70cc000 0000000000000001   ................
0x00000026776ff298:   0000020ff0e79ac0 00000026776ff3b0   ..........ow&...
0x00000026776ff2a8:   00007ffae8d1408e 00000007f70cc000   .@..............
0x00000026776ff2b8:   00000007f7000000 00000007fce52200   ........."......
0x00000026776ff2c8:   0000000000000040 0000000480765ca3   @........\v.....
0x00000026776ff2d8:   0000040b687a593a 00000000000005d6   :Yzh............
0x00000026776ff2e8:   0000020fdedac660 0000020ff0ca6e60   `.......`n......
0x00000026776ff2f8:   00007ffae8d23189 00000026776ff4b0   .1........ow&...
0x00000026776ff308:   0000020ff0ca6e60 00000026776ff3b0   `n........ow&...
0x00000026776ff318:   0000000000000000 00000007f70cbe00   ................

Instructions: (pc=0x00000000816a06a0)
  0x00000000816a05a0:   ff ff 26 a3 18 00 4e 6f 53 75 63 68 46 69 6c 65
  0x00000000816a05b0:   45 78 63 65 70 74 69 6f 6e 2e 6a 61 76 61 00 00
  0x00000000816a05c0:   ff ff 4a 3d 09 00 67 65 74 52 65 61 73 6f 6e 00
  0x00000000816a05d0:   ff ff b6 f4 23 00 4c 6a 61 76 61 2f 6e 69 6f 2f
  0x00000000816a05e0:   66 69 6c 65 2f 46 69 6c 65 53 79 73 74 65 6d 45
  0x00000000816a05f0:   78 63 65 70 74 69 6f 6e 3b 00 00 00 00 00 00 00
  0x00000000816a0600:   ff ff 4c ea 0c 00 67 65 74 4f 74 68 65 72 46 69
  0x00000000816a0610:   6c 65 00 00 00 00 00 00 ff ff a4 51 18 00 46 69
  0x00000000816a0620:   6c 65 53 79 73 74 65 6d 45 78 63 65 70 74 69 6f
  0x00000000816a0630:   6e 2e 6a 61 76 61 00 00 ff ff cc 17 10 00 49 4f
  0x00000000816a0640:   45 78 63 65 70 74 69 6f 6e 2e 6a 61 76 61 00 00
  0x00000000816a0650:   ff ff ae 7a 0a 00 20 61 74 20 69 6e 64 65 78 20
  0x00000000816a0660:   ff ff 2d 3f 08 00 67 65 74 49 6e 70 75 74 00 00
  0x00000000816a0670:   ff ff 6a a5 19 00 49 6e 76 61 6c 69 64 50 61 74
  0x00000000816a0680:   68 45 78 63 65 70 74 69 6f 6e 2e 6a 61 76 61 00
  0x00000000816a0690:   00 00 00 00 00 00 00 00 00 00 00 00 00 00 00 00
=>0x00000000816a06a0:   00 00 00 00 00 00 00 00 00 00 00 00 00 00 00 00
  0x00000000816a06b0:   00 00 00 00 00 00 00 00 0d 00 00 00 00 00 00 00
  0x00000000816a06c0:   0c 00 00 00 0a 00 00 00 03 00 00 00 05 00 00 00
  0x00000000816a06d0:   02 00 00 00 01 00 00 00 04 00 00 00 06 00 00 00
  0x00000000816a06e0:   07 00 00 00 09 00 00 00 0b 00 00 00 08 00 00 00
  0x00000000816a06f0:   02 00 00 00 01 01 00 00 00 00 00 00 00 00 00 00
  0x00000000816a0700:   00 00 00 00 00 00 00 00 00 00 00 00 00 00 00 00
  0x00000000816a0710:   00 00 00 00 00 00 00 00 02 00 00 00 01 01 00 00
  0x00000000816a0720:   00 00 00 00 00 00 00 00 00 00 00 00 00 00 00 00
  0x00000000816a0730:   02 00 00 00 01 01 00 00 00 00 00 00 00 00 00 00
  0x00000000816a0740:   06 00 00 00 00 01 01 dd 00 00 00 00 00 00 00 00
  0x00000000816a0750:   06 00 00 00 00 01 01 dd 00 00 00 00 00 00 00 00
  0x00000000816a0760:   1d 00 00 00 30 00 65 00 6e 00 85 00 b0 00 ba 00
  0x00000000816a0770:   e0 00 fc 00 0d 01 31 01 37 01 39 01 3b 01 3d 01
  0x00000000816a0780:   4c 01 52 01 57 01 5e 01 7a 01 80 01 a6 01 af 01
  0x00000000816a0790:   b1 01 b4 01 b6 01 b8 01 ba 01 bc 01 bf 01 00 00


Stack slot to memory mapping:

stack at sp + 0 slots: 0x00007ffae8d1681e jvm.dll
stack at sp + 1 slots: 0x0000000000000001 is an unknown value
stack at sp + 2 slots: 0x00000007f3e6a238 is an oop: [[C 
{0x00000007f3e6a238} - klass: {type array char}[] - flags: is_cloneable_fast 

 - length: 1
stack at sp + 3 slots: 0x0000000000000001 is an unknown value
stack at sp + 4 slots: 0x000000008207ebf8 is a pointer to class: 
stack at sp + 5 slots: 0x0000020fdedac65f points into unknown readable memory: ff
stack at sp + 6 slots: 0x0 is null
stack at sp + 7 slots: 0x0 is null


---------------  P R O C E S S  ---------------

Threads class SMR info:
_java_thread_list=0x0000020fede1c2e0, length=55, elements={
0x0000020fc4e90be0, 0x0000020fe768f900, 0x0000020fe7690210, 0x0000020fe7692250,
0x0000020fe7697a30, 0x0000020fe7698990, 0x0000020fe76998f0, 0x0000020fc4eaad80,
0x0000020fc4ea64f0, 0x0000020fe85ceb00, 0x0000020fe877e410, 0x0000020fed168130,
0x0000020fed1c4440, 0x0000020fed22ab50, 0x0000020fed775680, 0x0000020fed7c9810,
0x0000020fed836770, 0x0000020fee183060, 0x0000020fedcf0440, 0x0000020fedcef4a0,
0x0000020feead86a0, 0x0000020feeadf400, 0x0000020feeadccf0, 0x0000020feead9e10,
0x0000020feeadec30, 0x0000020feeadb580, 0x0000020feead9640, 0x0000020feeadadb0,
0x0000020feeadc520, 0x0000020feda5fa70, 0x0000020feda60240, 0x0000020feda5b420,
0x0000020feda619b0, 0x0000020feda5c3c0, 0x0000020feda5cb90, 0x0000020feda5db30,
0x0000020fee5a7360, 0x0000020fee5a7b30, 0x0000020fee5ad120, 0x0000020fee5a92a0,
0x0000020fee5ab1e0, 0x0000020fee5aa240, 0x0000020fee5aaa10, 0x0000020fee5ab9b0,
0x0000020feeb587a0, 0x0000020feeb5f500, 0x0000020feeb5aeb0, 0x0000020fee8f25e0,
0x0000020fe848fee0, 0x0000020ffed0e330, 0x0000020fe848d7d0, 0x0000020feeb5c620,
0x0000020fefb03610, 0x0000020fefb03de0, 0x0000020fefafd080
}

Java Threads: ( => current thread )
  0x0000020fc4e90be0 JavaThread "main"                              [_thread_blocked, id=16840, stack(0x0000002674700000,0x0000002674800000) (1024K)]
  0x0000020fe768f900 JavaThread "Reference Handler"          daemon [_thread_blocked, id=5784, stack(0x0000002674f00000,0x0000002675000000) (1024K)]
  0x0000020fe7690210 JavaThread "Finalizer"                  daemon [_thread_blocked, id=12544, stack(0x0000002675000000,0x0000002675100000) (1024K)]
  0x0000020fe7692250 JavaThread "Signal Dispatcher"          daemon [_thread_blocked, id=13100, stack(0x0000002675100000,0x0000002675200000) (1024K)]
  0x0000020fe7697a30 JavaThread "Attach Listener"            daemon [_thread_blocked, id=16880, stack(0x0000002675200000,0x0000002675300000) (1024K)]
  0x0000020fe7698990 JavaThread "Service Thread"             daemon [_thread_blocked, id=12980, stack(0x0000002675300000,0x0000002675400000) (1024K)]
  0x0000020fe76998f0 JavaThread "Monitor Deflation Thread"   daemon [_thread_blocked, id=17380, stack(0x0000002675400000,0x0000002675500000) (1024K)]
  0x0000020fc4eaad80 JavaThread "C2 CompilerThread0"         daemon [_thread_blocked, id=10736, stack(0x0000002675500000,0x0000002675600000) (1024K)]
  0x0000020fc4ea64f0 JavaThread "C1 CompilerThread0"         daemon [_thread_blocked, id=10412, stack(0x0000002675600000,0x0000002675700000) (1024K)]
  0x0000020fe85ceb00 JavaThread "Common-Cleaner"             daemon [_thread_blocked, id=2528, stack(0x0000002675800000,0x0000002675900000) (1024K)]
  0x0000020fe877e410 JavaThread "Notification Thread"        daemon [_thread_blocked, id=11088, stack(0x0000002675c00000,0x0000002675d00000) (1024K)]
  0x0000020fed168130 JavaThread "Active Thread: Equinox Container: 2c95ad25-7e37-4026-997f-bbc625a754b2"        [_thread_blocked, id=16424, stack(0x0000002675e00000,0x0000002675f00000) (1024K)]
  0x0000020fed1c4440 JavaThread "Framework Event Dispatcher: Equinox Container: 2c95ad25-7e37-4026-997f-bbc625a754b2" daemon [_thread_blocked, id=16512, stack(0x0000002676700000,0x0000002676800000) (1024K)]
  0x0000020fed22ab50 JavaThread "Start Level: Equinox Container: 2c95ad25-7e37-4026-997f-bbc625a754b2" daemon [_thread_blocked, id=16508, stack(0x0000002676800000,0x0000002676900000) (1024K)]
  0x0000020fed775680 JavaThread "Bundle File Closer"         daemon [_thread_blocked, id=17500, stack(0x0000002676900000,0x0000002676a00000) (1024K)]
  0x0000020fed7c9810 JavaThread "SCR Component Actor"        daemon [_thread_blocked, id=17512, stack(0x0000002676a00000,0x0000002676b00000) (1024K)]
  0x0000020fed836770 JavaThread "Worker-JM"                         [_thread_blocked, id=17540, stack(0x0000002676b00000,0x0000002676c00000) (1024K)]
  0x0000020fee183060 JavaThread "Java indexing"              daemon [_thread_blocked, id=17936, stack(0x0000002677400000,0x0000002677500000) (1024K)]
  0x0000020fedcf0440 JavaThread "JNA Cleaner"                daemon [_thread_blocked, id=17948, stack(0x0000002675d00000,0x0000002675e00000) (1024K)]
  0x0000020fedcef4a0 JavaThread "InnocuousThread-1"          daemon [_thread_in_native, id=18116, stack(0x0000002678100000,0x0000002678200000) (1024K)]
  0x0000020feead86a0 JavaThread "InnocuousThread-2"          daemon [_thread_in_native, id=18120, stack(0x0000002678200000,0x0000002678300000) (1024K)]
  0x0000020feeadf400 JavaThread "InnocuousThread-3"          daemon [_thread_in_native, id=18124, stack(0x0000002678300000,0x0000002678400000) (1024K)]
  0x0000020feeadccf0 JavaThread "InnocuousThread-4"          daemon [_thread_in_native, id=18128, stack(0x0000002678400000,0x0000002678500000) (1024K)]
  0x0000020feead9e10 JavaThread "InnocuousThread-5"          daemon [_thread_in_native, id=18132, stack(0x0000002678500000,0x0000002678600000) (1024K)]
  0x0000020feeadec30 JavaThread "InnocuousThread-6"          daemon [_thread_in_native, id=18136, stack(0x0000002678600000,0x0000002678700000) (1024K)]
  0x0000020feeadb580 JavaThread "InnocuousThread-7"          daemon [_thread_in_native, id=18140, stack(0x0000002678700000,0x0000002678800000) (1024K)]
  0x0000020feead9640 JavaThread "InnocuousThread-8"          daemon [_thread_in_native, id=18144, stack(0x0000002678800000,0x0000002678900000) (1024K)]
  0x0000020feeadadb0 JavaThread "InnocuousThread-9"          daemon [_thread_in_native, id=18148, stack(0x0000002678900000,0x0000002678a00000) (1024K)]
  0x0000020feeadc520 JavaThread "InnocuousThread-10"         daemon [_thread_in_native, id=18152, stack(0x0000002678a00000,0x0000002678b00000) (1024K)]
  0x0000020feda5fa70 JavaThread "InnocuousThread-11"         daemon [_thread_in_native, id=18156, stack(0x0000002678b00000,0x0000002678c00000) (1024K)]
  0x0000020feda60240 JavaThread "InnocuousThread-12"         daemon [_thread_in_native, id=18160, stack(0x0000002678c00000,0x0000002678d00000) (1024K)]
  0x0000020feda5b420 JavaThread "InnocuousThread-13"         daemon [_thread_in_native, id=18164, stack(0x0000002678d00000,0x0000002678e00000) (1024K)]
  0x0000020feda619b0 JavaThread "InnocuousThread-14"         daemon [_thread_in_native, id=18168, stack(0x0000002678e00000,0x0000002678f00000) (1024K)]
  0x0000020feda5c3c0 JavaThread "InnocuousThread-15"         daemon [_thread_in_native, id=18172, stack(0x0000002678f00000,0x0000002679000000) (1024K)]
  0x0000020feda5cb90 JavaThread "InnocuousThread-16"         daemon [_thread_in_native, id=18176, stack(0x0000002679000000,0x0000002679100000) (1024K)]
  0x0000020feda5db30 JavaThread "InnocuousThread-17"         daemon [_thread_in_native, id=18180, stack(0x0000002679100000,0x0000002679200000) (1024K)]
  0x0000020fee5a7360 JavaThread "InnocuousThread-18"         daemon [_thread_in_native, id=18184, stack(0x0000002679200000,0x0000002679300000) (1024K)]
  0x0000020fee5a7b30 JavaThread "InnocuousThread-19"         daemon [_thread_in_native, id=18188, stack(0x0000002679300000,0x0000002679400000) (1024K)]
  0x0000020fee5ad120 JavaThread "InnocuousThread-20"         daemon [_thread_in_native, id=18192, stack(0x0000002679400000,0x0000002679500000) (1024K)]
  0x0000020fee5a92a0 JavaThread "InnocuousThread-21"         daemon [_thread_in_native, id=18196, stack(0x0000002679500000,0x0000002679600000) (1024K)]
  0x0000020fee5ab1e0 JavaThread "InnocuousThread-22"         daemon [_thread_in_native, id=18200, stack(0x0000002679600000,0x0000002679700000) (1024K)]
  0x0000020fee5aa240 JavaThread "InnocuousThread-23"         daemon [_thread_in_native, id=18204, stack(0x0000002679700000,0x0000002679800000) (1024K)]
  0x0000020fee5aaa10 JavaThread "InnocuousThread-24"         daemon [_thread_in_native, id=18208, stack(0x0000002679800000,0x0000002679900000) (1024K)]
  0x0000020fee5ab9b0 JavaThread "InnocuousThread-25"         daemon [_thread_in_native, id=18212, stack(0x0000002679900000,0x0000002679a00000) (1024K)]
  0x0000020feeb587a0 JavaThread "pool-2-thread-1"                   [_thread_blocked, id=18280, stack(0x0000002679a00000,0x0000002679b00000) (1024K)]
  0x0000020feeb5f500 JavaThread "WorkspaceEventsHandler"            [_thread_blocked, id=18312, stack(0x0000002679e00000,0x0000002679f00000) (1024K)]
  0x0000020feeb5aeb0 JavaThread "pool-1-thread-1"                   [_thread_blocked, id=18316, stack(0x0000002679f00000,0x000000267a000000) (1024K)]
  0x0000020fee8f25e0 JavaThread "Refresh Thread: Equinox Container: 2c95ad25-7e37-4026-997f-bbc625a754b2" daemon [_thread_blocked, id=17904, stack(0x0000002679b00000,0x0000002679c00000) (1024K)]
  0x0000020fe848fee0 JavaThread "pool-3-thread-1"                   [_thread_blocked, id=18244, stack(0x0000002675a00000,0x0000002675b00000) (1024K)]
  0x0000020ffed0e330 JavaThread "Cleaner-0"                  daemon [_thread_blocked, id=18808, stack(0x000000267a400000,0x000000267a500000) (1024K)]
  0x0000020fe848d7d0 JavaThread "Worker-8"                          [_thread_blocked, id=15556, stack(0x000000267b600000,0x000000267b700000) (1024K)]
  0x0000020feeb5c620 JavaThread "Worker-9: Publish Diagnostics"        [_thread_blocked, id=16308, stack(0x000000267ac00000,0x000000267ad00000) (1024K)]
  0x0000020fefb03610 JavaThread "ForkJoinPool.commonPool-worker-88" daemon [_thread_blocked, id=11228, stack(0x0000002674400000,0x0000002674500000) (1024K)]
  0x0000020fefb03de0 JavaThread "ForkJoinPool.commonPool-worker-89" daemon [_thread_blocked, id=11428, stack(0x0000002674500000,0x0000002674600000) (1024K)]
  0x0000020fefafd080 JavaThread "ForkJoinPool.commonPool-worker-90" daemon [_thread_blocked, id=9728, stack(0x0000002674600000,0x0000002674700000) (1024K)]
Total: 55

Other Threads:
  0x0000020fe76818a0 VMThread "VM Thread"                           [id=11848, stack(0x0000002674e00000,0x0000002674f00000) (1024K)]
  0x0000020fe754e9b0 WatcherThread "VM Periodic Task Thread"        [id=3184, stack(0x0000002674d00000,0x0000002674e00000) (1024K)]
  0x0000020fc4f26f20 WorkerThread "GC Thread#0"                     [id=11936, stack(0x0000002674800000,0x0000002674900000) (1024K)]
  0x0000020fe8cc4770 WorkerThread "GC Thread#1"                     [id=6268, stack(0x0000002675f00000,0x0000002676000000) (1024K)]
  0x0000020fe8cc3630 WorkerThread "GC Thread#2"                     [id=15220, stack(0x0000002676000000,0x0000002676100000) (1024K)]
  0x0000020fe8cc6150 WorkerThread "GC Thread#3"                     [id=16420, stack(0x0000002676100000,0x0000002676200000) (1024K)]
  0x0000020fe8cc3a80 WorkerThread "GC Thread#4"                     [id=2520, stack(0x0000002676200000,0x0000002676300000) (1024K)]
  0x0000020fe8cc5010 WorkerThread "GC Thread#5"                     [id=13576, stack(0x0000002676300000,0x0000002676400000) (1024K)]
  0x0000020fe8cc2940 WorkerThread "GC Thread#6"                     [id=16116, stack(0x0000002676400000,0x0000002676500000) (1024K)]
  0x0000020fe8cc4bc0 WorkerThread "GC Thread#7"                     [id=1264, stack(0x0000002676500000,0x0000002676600000) (1024K)]
  0x0000020fe8cc5460 WorkerThread "GC Thread#8"                     [id=4876, stack(0x0000002676600000,0x0000002676700000) (1024K)]
  0x0000020fed2ba460 WorkerThread "GC Thread#9"                     [id=17816, stack(0x0000002676e00000,0x0000002676f00000) (1024K)]
  0x0000020fed2bfef0 WorkerThread "GC Thread#10"                    [id=17824, stack(0x0000002676f00000,0x0000002677000000) (1024K)]
  0x0000020fee615780 WorkerThread "GC Thread#11"                    [id=17940, stack(0x0000002677500000,0x0000002677600000) (1024K)]
=>0x0000020fee610140 WorkerThread "GC Thread#12"                    [id=17944, stack(0x0000002677600000,0x0000002677700000) (1024K)]
  0x0000020fee616470 WorkerThread "GC Thread#13"                    [id=18096, stack(0x0000002677c00000,0x0000002677d00000) (1024K)]
  0x0000020fee6116d0 WorkerThread "GC Thread#14"                    [id=18100, stack(0x0000002677d00000,0x0000002677e00000) (1024K)]
  0x0000020fee617160 WorkerThread "GC Thread#15"                    [id=18104, stack(0x0000002677e00000,0x0000002677f00000) (1024K)]
  0x0000020fee610590 WorkerThread "GC Thread#16"                    [id=18108, stack(0x0000002677f00000,0x0000002678000000) (1024K)]
  0x0000020fee6141f0 WorkerThread "GC Thread#17"                    [id=18112, stack(0x0000002678000000,0x0000002678100000) (1024K)]
  0x0000020fc4f3a890 ConcurrentGCThread "G1 Main Marker"            [id=16804, stack(0x0000002674900000,0x0000002674a00000) (1024K)]
  0x0000020fc4f3b430 WorkerThread "G1 Conc#0"                       [id=17256, stack(0x0000002674a00000,0x0000002674b00000) (1024K)]
  0x0000020fed2c0340 WorkerThread "G1 Conc#1"                       [id=17828, stack(0x0000002677000000,0x0000002677100000) (1024K)]
  0x0000020fed2b8a80 WorkerThread "G1 Conc#2"                       [id=17832, stack(0x0000002677100000,0x0000002677200000) (1024K)]
  0x0000020fed2ba010 WorkerThread "G1 Conc#3"                       [id=17836, stack(0x0000002677200000,0x0000002677300000) (1024K)]
  0x0000020fed2ba8b0 WorkerThread "G1 Conc#4"                       [id=17840, stack(0x0000002677300000,0x0000002677400000) (1024K)]
  0x0000020fe75448e0 ConcurrentGCThread "G1 Refine#0"               [id=16724, stack(0x0000002674b00000,0x0000002674c00000) (1024K)]
  0x0000020fe75454f0 ConcurrentGCThread "G1 Service"                [id=17224, stack(0x0000002674c00000,0x0000002674d00000) (1024K)]
Total: 28

Threads with active compile tasks:
Total: 0

VM state: at safepoint (normal execution)

VM Mutex/Monitor currently owned by a thread:  ([mutex/lock_event])
[0x00007ffae96994e8] Threads_lock - owner thread: 0x0000020fe76818a0
[0x00007ffae9699668] Heap_lock - owner thread: 0x0000020feeb5c620

Heap address: 0x0000000681800000, size: 6120 MB, Compressed Oops mode: Zero based, Oop shift amount: 3

CDS archive(s) mapped at: [0x0000000081000000-0x0000000081dd0000-0x0000000081dd0000), size 14483456, SharedBaseAddress: 0x0000000081000000, ArchiveRelocationMode: 1.
Compressed class space mapped at: 0x0000000082000000-0x00000000c2000000, reserved size: 1073741824
UseCompressedClassPointers 1, UseCompactObjectHeaders 0
Narrow klass pointer bits 32, Max shift 3
Narrow klass base: 0x0000000081000000, Narrow klass shift: 0
Encoding Range: [0x0000000081000000 - 0x0000000181000000), (4294967296 bytes)
Klass Range:    [0x0000000081010000 - 0x00000000c2000000), (1090453504 bytes)
Klass ID Range:  [65536 - 1090519033) (1090453497)
Protection zone: [0x0000000081000000 - 0x0000000081010000), (65536 bytes)

GC Precious Log:
 CardTable entry size: 512
 Card Set container configuration: InlinePtr #cards 4 size 8 Array Of Cards #cards 32 size 80 Howl #buckets 8 coarsen threshold 7372 Howl Bitmap #cards 1024 size 144 coarsen threshold 921 Card regions per heap region 1 cards per card region 8192
 CPUs: 24 total, 24 available
 Memory: 24478M
 Large Page Support: Disabled
 NUMA Support: Disabled
 Compressed Oops: Enabled (Zero based)
 Heap Region Size: 4M
 Heap Min Capacity: 8M
 Heap Initial Capacity: 384M
 Heap Max Capacity: 6120M
 Pre-touch: Disabled
 Parallel Workers: 18
 Concurrent Workers: 5
 Concurrent Refinement Workers: 18
 Periodic GC: Disabled

Heap:
 garbage-first heap   total reserved 6266880K, committed 1634304K, used 1588292K [0x0000000681800000, 0x0000000800000000)
  region size 4096K, 129 young (528384K), 8 survivors (32768K)

Heap Regions: E=young(eden), S=young(survivor), O=old, HS=humongous(starts), HC=humongous(continues), CS=collection set, F=free, TAMS=top-at-mark-start, PB=parsable bottom
|   0|0x0000000681800000, 0x0000000681c00000, 0x0000000681c00000|100%| O|  |TAMS 0x0000000681800000| PB 0x0000000681800000| Untracked |  0
|   1|0x0000000681c00000, 0x0000000682000000, 0x0000000682000000|100%| O|  |TAMS 0x0000000681c00000| PB 0x0000000681c00000| Untracked |  0
|   2|0x0000000682000000, 0x0000000682400000, 0x0000000682400000|100%| O|  |TAMS 0x0000000682000000| PB 0x0000000682000000| Untracked |  0
|   3|0x0000000682400000, 0x0000000682800000, 0x0000000682800000|100%| O|  |TAMS 0x0000000682400000| PB 0x0000000682400000| Untracked |  0
|   4|0x0000000682800000, 0x0000000682c00000, 0x0000000682c00000|100%| E|CS|TAMS 0x0000000682800000| PB 0x0000000682800000| Complete |  0
|   5|0x0000000682c00000, 0x0000000683000000, 0x0000000683000000|100%| O|  |TAMS 0x0000000682c00000| PB 0x0000000682c00000| Untracked |  0
|   6|0x0000000683000000, 0x0000000683400000, 0x0000000683400000|100%| O|  |TAMS 0x0000000683000000| PB 0x0000000683000000| Untracked |  0
|   7|0x0000000683400000, 0x0000000683800000, 0x0000000683800000|100%| O|  |TAMS 0x0000000683400000| PB 0x0000000683400000| Untracked |  0
|   8|0x0000000683800000, 0x0000000683c00000, 0x0000000683c00000|100%| O|  |TAMS 0x0000000683800000| PB 0x0000000683800000| Untracked |  0
|   9|0x0000000683c00000, 0x0000000684000000, 0x0000000684000000|100%| O|  |TAMS 0x0000000683c00000| PB 0x0000000683c00000| Untracked |  0
|  10|0x0000000684000000, 0x0000000684400000, 0x0000000684400000|100%| O|  |TAMS 0x0000000684000000| PB 0x0000000684000000| Untracked |  0
|  11|0x0000000684400000, 0x0000000684800000, 0x0000000684800000|100%| O|  |TAMS 0x0000000684400000| PB 0x0000000684400000| Untracked |  0
|  12|0x0000000684800000, 0x0000000684c00000, 0x0000000684c00000|100%| O|  |TAMS 0x0000000684800000| PB 0x0000000684800000| Untracked |  0
|  13|0x0000000684c00000, 0x0000000685000000, 0x0000000685000000|100%| O|  |TAMS 0x0000000684c00000| PB 0x0000000684c00000| Untracked |  0
|  14|0x0000000685000000, 0x0000000685400000, 0x0000000685400000|100%| E|CS|TAMS 0x0000000685000000| PB 0x0000000685000000| Complete |  0
|  15|0x0000000685400000, 0x0000000685800000, 0x0000000685800000|100%| O|  |TAMS 0x0000000685400000| PB 0x0000000685400000| Untracked |  0
|  16|0x0000000685800000, 0x0000000685c00000, 0x0000000685c00000|100%| E|CS|TAMS 0x0000000685800000| PB 0x0000000685800000| Complete |  0
|  17|0x0000000685c00000, 0x0000000686000000, 0x0000000686000000|100%| O|  |TAMS 0x0000000685c00000| PB 0x0000000685c00000| Untracked |  0
|  18|0x0000000686000000, 0x0000000686400000, 0x0000000686400000|100%| O|  |TAMS 0x0000000686000000| PB 0x0000000686000000| Untracked |  0
|  19|0x0000000686400000, 0x0000000686800000, 0x0000000686800000|100%| O|  |TAMS 0x0000000686400000| PB 0x0000000686400000| Untracked |  0
|  20|0x0000000686800000, 0x0000000686c00000, 0x0000000686c00000|100%| O|  |TAMS 0x0000000686800000| PB 0x0000000686800000| Untracked |  0
|  21|0x0000000686c00000, 0x0000000687000000, 0x0000000687000000|100%| E|CS|TAMS 0x0000000686c00000| PB 0x0000000686c00000| Complete |  0
|  22|0x0000000687000000, 0x0000000687400000, 0x0000000687400000|100%| O|  |TAMS 0x0000000687000000| PB 0x0000000687000000| Untracked |  0
|  23|0x0000000687400000, 0x0000000687800000, 0x0000000687800000|100%| O|  |TAMS 0x0000000687400000| PB 0x0000000687400000| Untracked |  0
|  24|0x0000000687800000, 0x0000000687c00000, 0x0000000687c00000|100%| E|CS|TAMS 0x0000000687800000| PB 0x0000000687800000| Complete |  0
|  25|0x0000000687c00000, 0x0000000688000000, 0x0000000688000000|100%| O|  |TAMS 0x0000000687c00000| PB 0x0000000687c00000| Untracked |  0
|  26|0x0000000688000000, 0x0000000688400000, 0x0000000688400000|100%| O|  |TAMS 0x0000000688000000| PB 0x0000000688000000| Untracked |  0
|  27|0x0000000688400000, 0x0000000688800000, 0x0000000688800000|100%| E|CS|TAMS 0x0000000688400000| PB 0x0000000688400000| Complete |  0
|  28|0x0000000688800000, 0x0000000688c00000, 0x0000000688c00000|100%| O|  |TAMS 0x0000000688800000| PB 0x0000000688800000| Untracked |  0
|  29|0x0000000688c00000, 0x0000000689000000, 0x0000000689000000|100%| O|  |TAMS 0x0000000688c00000| PB 0x0000000688c00000| Untracked |  0
|  30|0x0000000689000000, 0x0000000689400000, 0x0000000689400000|100%| E|CS|TAMS 0x0000000689000000| PB 0x0000000689000000| Complete |  0
|  31|0x0000000689400000, 0x0000000689800000, 0x0000000689800000|100%| O|  |TAMS 0x0000000689400000| PB 0x0000000689400000| Untracked |  0
|  32|0x0000000689800000, 0x0000000689c00000, 0x0000000689c00000|100%| O|  |TAMS 0x0000000689800000| PB 0x0000000689800000| Untracked |  0
|  33|0x0000000689c00000, 0x000000068a000000, 0x000000068a000000|100%| E|CS|TAMS 0x0000000689c00000| PB 0x0000000689c00000| Complete |  0
|  34|0x000000068a000000, 0x000000068a400000, 0x000000068a400000|100%| O|  |TAMS 0x000000068a000000| PB 0x000000068a000000| Untracked |  0
|  35|0x000000068a400000, 0x000000068a800000, 0x000000068a800000|100%| E|CS|TAMS 0x000000068a400000| PB 0x000000068a400000| Complete |  0
|  36|0x000000068a800000, 0x000000068ac00000, 0x000000068ac00000|100%| O|  |TAMS 0x000000068a800000| PB 0x000000068a800000| Untracked |  0
|  37|0x000000068ac00000, 0x000000068b000000, 0x000000068b000000|100%|HS|  |TAMS 0x000000068ac00000| PB 0x000000068ac00000| Complete |  0
|  38|0x000000068b000000, 0x000000068b400000, 0x000000068b400000|100%|HC|  |TAMS 0x000000068b000000| PB 0x000000068b000000| Complete |  0
|  39|0x000000068b400000, 0x000000068b800000, 0x000000068b800000|100%| O|  |TAMS 0x000000068b400000| PB 0x000000068b400000| Untracked |  0
|  40|0x000000068b800000, 0x000000068bc00000, 0x000000068bc00000|100%|HS|  |TAMS 0x000000068b800000| PB 0x000000068b800000| Complete |  0
|  41|0x000000068bc00000, 0x000000068c000000, 0x000000068c000000|100%|HC|  |TAMS 0x000000068bc00000| PB 0x000000068bc00000| Complete |  0
|  42|0x000000068c000000, 0x000000068c400000, 0x000000068c400000|100%| E|CS|TAMS 0x000000068c000000| PB 0x000000068c000000| Complete |  0
|  43|0x000000068c400000, 0x000000068c800000, 0x000000068c800000|100%| O|  |TAMS 0x000000068c400000| PB 0x000000068c400000| Untracked |  0
|  44|0x000000068c800000, 0x000000068cc00000, 0x000000068cc00000|100%|HS|  |TAMS 0x000000068c800000| PB 0x000000068c800000| Complete |  0
|  45|0x000000068cc00000, 0x000000068d000000, 0x000000068d000000|100%|HC|  |TAMS 0x000000068cc00000| PB 0x000000068cc00000| Complete |  0
|  46|0x000000068d000000, 0x000000068d400000, 0x000000068d400000|100%| E|CS|TAMS 0x000000068d000000| PB 0x000000068d000000| Complete |  0
|  47|0x000000068d400000, 0x000000068d800000, 0x000000068d800000|100%| O|  |TAMS 0x000000068d400000| PB 0x000000068d400000| Untracked |  0
|  48|0x000000068d800000, 0x000000068dc00000, 0x000000068dc00000|100%|HS|  |TAMS 0x000000068d800000| PB 0x000000068d800000| Complete |  0
|  49|0x000000068dc00000, 0x000000068e000000, 0x000000068e000000|100%|HC|  |TAMS 0x000000068dc00000| PB 0x000000068dc00000| Complete |  0
|  50|0x000000068e000000, 0x000000068e400000, 0x000000068e400000|100%|HS|  |TAMS 0x000000068e000000| PB 0x000000068e000000| Complete |  0
|  51|0x000000068e400000, 0x000000068e800000, 0x000000068e800000|100%|HC|  |TAMS 0x000000068e400000| PB 0x000000068e400000| Complete |  0
|  52|0x000000068e800000, 0x000000068ec00000, 0x000000068ec00000|100%|HS|  |TAMS 0x000000068e800000| PB 0x000000068e800000| Complete |  0
|  53|0x000000068ec00000, 0x000000068f000000, 0x000000068f000000|100%|HC|  |TAMS 0x000000068ec00000| PB 0x000000068ec00000| Complete |  0
|  54|0x000000068f000000, 0x000000068f400000, 0x000000068f400000|100%|HS|  |TAMS 0x000000068f000000| PB 0x000000068f000000| Complete |  0
|  55|0x000000068f400000, 0x000000068f800000, 0x000000068f800000|100%|HC|  |TAMS 0x000000068f400000| PB 0x000000068f400000| Complete |  0
|  56|0x000000068f800000, 0x000000068fc00000, 0x000000068fc00000|100%|HS|  |TAMS 0x000000068f800000| PB 0x000000068f800000| Complete |  0
|  57|0x000000068fc00000, 0x0000000690000000, 0x0000000690000000|100%|HC|  |TAMS 0x000000068fc00000| PB 0x000000068fc00000| Complete |  0
|  58|0x0000000690000000, 0x0000000690400000, 0x0000000690400000|100%|HS|  |TAMS 0x0000000690000000| PB 0x0000000690000000| Complete |  0
|  59|0x0000000690400000, 0x0000000690800000, 0x0000000690800000|100%|HC|  |TAMS 0x0000000690400000| PB 0x0000000690400000| Complete |  0
|  60|0x0000000690800000, 0x0000000690c00000, 0x0000000690c00000|100%|HS|  |TAMS 0x0000000690800000| PB 0x0000000690800000| Complete |  0
|  61|0x0000000690c00000, 0x0000000691000000, 0x0000000691000000|100%|HC|  |TAMS 0x0000000690c00000| PB 0x0000000690c00000| Complete |  0
|  62|0x0000000691000000, 0x0000000691400000, 0x0000000691400000|100%|HS|  |TAMS 0x0000000691000000| PB 0x0000000691000000| Complete |  0
|  63|0x0000000691400000, 0x0000000691800000, 0x0000000691800000|100%|HC|  |TAMS 0x0000000691400000| PB 0x0000000691400000| Complete |  0
|  64|0x0000000691800000, 0x0000000691c00000, 0x0000000691c00000|100%| O|  |TAMS 0x0000000691800000| PB 0x0000000691800000| Untracked |  0
|  65|0x0000000691c00000, 0x0000000692000000, 0x0000000692000000|100%| O|  |TAMS 0x0000000691c00000| PB 0x0000000691c00000| Untracked |  0
|  66|0x0000000692000000, 0x0000000692400000, 0x0000000692400000|100%|HS|  |TAMS 0x0000000692000000| PB 0x0000000692000000| Complete |  0
|  67|0x0000000692400000, 0x0000000692800000, 0x0000000692800000|100%|HC|  |TAMS 0x0000000692400000| PB 0x0000000692400000| Complete |  0
|  68|0x0000000692800000, 0x0000000692c00000, 0x0000000692c00000|100%| O|  |TAMS 0x0000000692800000| PB 0x0000000692800000| Untracked |  0
|  69|0x0000000692c00000, 0x0000000693000000, 0x0000000693000000|100%| E|CS|TAMS 0x0000000692c00000| PB 0x0000000692c00000| Complete |  0
|  70|0x0000000693000000, 0x0000000693400000, 0x0000000693400000|100%| O|  |TAMS 0x0000000693000000| PB 0x0000000693000000| Untracked |  0
|  71|0x0000000693400000, 0x0000000693800000, 0x0000000693800000|100%|HS|  |TAMS 0x0000000693400000| PB 0x0000000693400000| Complete |  0
|  72|0x0000000693800000, 0x0000000693c00000, 0x0000000693c00000|100%|HC|  |TAMS 0x0000000693800000| PB 0x0000000693800000| Complete |  0
|  73|0x0000000693c00000, 0x0000000694000000, 0x0000000694000000|100%|HS|  |TAMS 0x0000000693c00000| PB 0x0000000693c00000| Complete |  0
|  74|0x0000000694000000, 0x0000000694400000, 0x0000000694400000|100%|HC|  |TAMS 0x0000000694000000| PB 0x0000000694000000| Complete |  0
|  75|0x0000000694400000, 0x0000000694800000, 0x0000000694800000|100%|HS|  |TAMS 0x0000000694400000| PB 0x0000000694400000| Complete |  0
|  76|0x0000000694800000, 0x0000000694c00000, 0x0000000694c00000|100%|HC|  |TAMS 0x0000000694800000| PB 0x0000000694800000| Complete |  0
|  77|0x0000000694c00000, 0x0000000695000000, 0x0000000695000000|100%|HS|  |TAMS 0x0000000694c00000| PB 0x0000000694c00000| Complete |  0
|  78|0x0000000695000000, 0x0000000695400000, 0x0000000695400000|100%|HC|  |TAMS 0x0000000695000000| PB 0x0000000695000000| Complete |  0
|  79|0x0000000695400000, 0x0000000695800000, 0x0000000695800000|100%|HS|  |TAMS 0x0000000695400000| PB 0x0000000695400000| Complete |  0
|  80|0x0000000695800000, 0x0000000695c00000, 0x0000000695c00000|100%|HC|  |TAMS 0x0000000695800000| PB 0x0000000695800000| Complete |  0
|  81|0x0000000695c00000, 0x0000000696000000, 0x0000000696000000|100%|HS|  |TAMS 0x0000000695c00000| PB 0x0000000695c00000| Complete |  0
|  82|0x0000000696000000, 0x0000000696400000, 0x0000000696400000|100%|HC|  |TAMS 0x0000000696000000| PB 0x0000000696000000| Complete |  0
|  83|0x0000000696400000, 0x0000000696800000, 0x0000000696800000|100%|HS|  |TAMS 0x0000000696400000| PB 0x0000000696400000| Complete |  0
|  84|0x0000000696800000, 0x0000000696c00000, 0x0000000696c00000|100%|HC|  |TAMS 0x0000000696800000| PB 0x0000000696800000| Complete |  0
|  85|0x0000000696c00000, 0x0000000697000000, 0x0000000697000000|100%|HS|  |TAMS 0x0000000696c00000| PB 0x0000000696c00000| Complete |  0
|  86|0x0000000697000000, 0x0000000697400000, 0x0000000697400000|100%|HC|  |TAMS 0x0000000697000000| PB 0x0000000697000000| Complete |  0
|  87|0x0000000697400000, 0x0000000697800000, 0x0000000697800000|100%|HS|  |TAMS 0x0000000697400000| PB 0x0000000697400000| Complete |  0
|  88|0x0000000697800000, 0x0000000697c00000, 0x0000000697c00000|100%|HC|  |TAMS 0x0000000697800000| PB 0x0000000697800000| Complete |  0
|  89|0x0000000697c00000, 0x0000000698000000, 0x0000000698000000|100%|HS|  |TAMS 0x0000000697c00000| PB 0x0000000697c00000| Complete |  0
|  90|0x0000000698000000, 0x0000000698400000, 0x0000000698400000|100%|HC|  |TAMS 0x0000000698000000| PB 0x0000000698000000| Complete |  0
|  91|0x0000000698400000, 0x0000000698800000, 0x0000000698800000|100%|HS|  |TAMS 0x0000000698400000| PB 0x0000000698400000| Complete |  0
|  92|0x0000000698800000, 0x0000000698c00000, 0x0000000698c00000|100%|HC|  |TAMS 0x0000000698800000| PB 0x0000000698800000| Complete |  0
|  93|0x0000000698c00000, 0x0000000699000000, 0x0000000699000000|100%|HS|  |TAMS 0x0000000698c00000| PB 0x0000000698c00000| Complete |  0
|  94|0x0000000699000000, 0x0000000699400000, 0x0000000699400000|100%|HC|  |TAMS 0x0000000699000000| PB 0x0000000699000000| Complete |  0
|  95|0x0000000699400000, 0x0000000699800000, 0x0000000699800000|100%|HS|  |TAMS 0x0000000699400000| PB 0x0000000699400000| Complete |  0
|  96|0x0000000699800000, 0x0000000699c00000, 0x0000000699c00000|100%|HC|  |TAMS 0x0000000699800000| PB 0x0000000699800000| Complete |  0
|  97|0x0000000699c00000, 0x000000069a000000, 0x000000069a000000|100%|HS|  |TAMS 0x0000000699c00000| PB 0x0000000699c00000| Complete |  0
|  98|0x000000069a000000, 0x000000069a400000, 0x000000069a400000|100%|HC|  |TAMS 0x000000069a000000| PB 0x000000069a000000| Complete |  0
|  99|0x000000069a400000, 0x000000069a800000, 0x000000069a800000|100%|HS|  |TAMS 0x000000069a400000| PB 0x000000069a400000| Complete |  0
| 100|0x000000069a800000, 0x000000069ac00000, 0x000000069ac00000|100%|HC|  |TAMS 0x000000069a800000| PB 0x000000069a800000| Complete |  0
| 101|0x000000069ac00000, 0x000000069b000000, 0x000000069b000000|100%|HS|  |TAMS 0x000000069ac00000| PB 0x000000069ac00000| Complete |  0
| 102|0x000000069b000000, 0x000000069b400000, 0x000000069b400000|100%|HC|  |TAMS 0x000000069b000000| PB 0x000000069b000000| Complete |  0
| 103|0x000000069b400000, 0x000000069b800000, 0x000000069b800000|100%|HS|  |TAMS 0x000000069b400000| PB 0x000000069b400000| Complete |  0
| 104|0x000000069b800000, 0x000000069bc00000, 0x000000069bc00000|100%|HC|  |TAMS 0x000000069b800000| PB 0x000000069b800000| Complete |  0
| 105|0x000000069bc00000, 0x000000069c000000, 0x000000069c000000|100%|HS|  |TAMS 0x000000069bc00000| PB 0x000000069bc00000| Complete |  0
| 106|0x000000069c000000, 0x000000069c400000, 0x000000069c400000|100%|HC|  |TAMS 0x000000069c000000| PB 0x000000069c000000| Complete |  0
| 107|0x000000069c400000, 0x000000069c800000, 0x000000069c800000|100%|HS|  |TAMS 0x000000069c400000| PB 0x000000069c400000| Complete |  0
| 108|0x000000069c800000, 0x000000069cc00000, 0x000000069cc00000|100%|HC|  |TAMS 0x000000069c800000| PB 0x000000069c800000| Complete |  0
| 109|0x000000069cc00000, 0x000000069d000000, 0x000000069d000000|100%|HS|  |TAMS 0x000000069cc00000| PB 0x000000069cc00000| Complete |  0
| 110|0x000000069d000000, 0x000000069d400000, 0x000000069d400000|100%|HC|  |TAMS 0x000000069d000000| PB 0x000000069d000000| Complete |  0
| 111|0x000000069d400000, 0x000000069d800000, 0x000000069d800000|100%|HS|  |TAMS 0x000000069d400000| PB 0x000000069d400000| Complete |  0
| 112|0x000000069d800000, 0x000000069dc00000, 0x000000069dc00000|100%|HC|  |TAMS 0x000000069d800000| PB 0x000000069d800000| Complete |  0
| 113|0x000000069dc00000, 0x000000069e000000, 0x000000069e000000|100%|HS|  |TAMS 0x000000069dc00000| PB 0x000000069dc00000| Complete |  0
| 114|0x000000069e000000, 0x000000069e400000, 0x000000069e400000|100%|HC|  |TAMS 0x000000069e000000| PB 0x000000069e000000| Complete |  0
| 115|0x000000069e400000, 0x000000069e800000, 0x000000069e800000|100%|HS|  |TAMS 0x000000069e400000| PB 0x000000069e400000| Complete |  0
| 116|0x000000069e800000, 0x000000069ec00000, 0x000000069ec00000|100%|HC|  |TAMS 0x000000069e800000| PB 0x000000069e800000| Complete |  0
| 117|0x000000069ec00000, 0x000000069f000000, 0x000000069f000000|100%|HS|  |TAMS 0x000000069ec00000| PB 0x000000069ec00000| Complete |  0
| 118|0x000000069f000000, 0x000000069f400000, 0x000000069f400000|100%|HC|  |TAMS 0x000000069f000000| PB 0x000000069f000000| Complete |  0
| 119|0x000000069f400000, 0x000000069f800000, 0x000000069f800000|100%|HS|  |TAMS 0x000000069f400000| PB 0x000000069f400000| Complete |  0
| 120|0x000000069f800000, 0x000000069fc00000, 0x000000069fc00000|100%|HC|  |TAMS 0x000000069f800000| PB 0x000000069f800000| Complete |  0
| 121|0x000000069fc00000, 0x00000006a0000000, 0x00000006a0000000|100%|HS|  |TAMS 0x000000069fc00000| PB 0x000000069fc00000| Complete |  0
| 122|0x00000006a0000000, 0x00000006a0400000, 0x00000006a0400000|100%|HC|  |TAMS 0x00000006a0000000| PB 0x00000006a0000000| Complete |  0
| 123|0x00000006a0400000, 0x00000006a0800000, 0x00000006a0800000|100%|HS|  |TAMS 0x00000006a0400000| PB 0x00000006a0400000| Complete |  0
| 124|0x00000006a0800000, 0x00000006a0c00000, 0x00000006a0c00000|100%|HC|  |TAMS 0x00000006a0800000| PB 0x00000006a0800000| Complete |  0
| 125|0x00000006a0c00000, 0x00000006a1000000, 0x00000006a1000000|100%|HS|  |TAMS 0x00000006a0c00000| PB 0x00000006a0c00000| Complete |  0
| 126|0x00000006a1000000, 0x00000006a1400000, 0x00000006a1400000|100%|HC|  |TAMS 0x00000006a1000000| PB 0x00000006a1000000| Complete |  0
| 127|0x00000006a1400000, 0x00000006a1800000, 0x00000006a1800000|100%|HS|  |TAMS 0x00000006a1400000| PB 0x00000006a1400000| Complete |  0
| 128|0x00000006a1800000, 0x00000006a1c00000, 0x00000006a1c00000|100%|HC|  |TAMS 0x00000006a1800000| PB 0x00000006a1800000| Complete |  0
| 129|0x00000006a1c00000, 0x00000006a2000000, 0x00000006a2000000|100%|HS|  |TAMS 0x00000006a1c00000| PB 0x00000006a1c00000| Complete |  0
| 130|0x00000006a2000000, 0x00000006a2400000, 0x00000006a2400000|100%|HC|  |TAMS 0x00000006a2000000| PB 0x00000006a2000000| Complete |  0
| 131|0x00000006a2400000, 0x00000006a2800000, 0x00000006a2800000|100%|HS|  |TAMS 0x00000006a2400000| PB 0x00000006a2400000| Complete |  0
| 132|0x00000006a2800000, 0x00000006a2c00000, 0x00000006a2c00000|100%|HC|  |TAMS 0x00000006a2800000| PB 0x00000006a2800000| Complete |  0
| 133|0x00000006a2c00000, 0x00000006a3000000, 0x00000006a3000000|100%|HS|  |TAMS 0x00000006a2c00000| PB 0x00000006a2c00000| Complete |  0
| 134|0x00000006a3000000, 0x00000006a3400000, 0x00000006a3400000|100%|HC|  |TAMS 0x00000006a3000000| PB 0x00000006a3000000| Complete |  0
| 135|0x00000006a3400000, 0x00000006a3800000, 0x00000006a3800000|100%|HS|  |TAMS 0x00000006a3400000| PB 0x00000006a3400000| Complete |  0
| 136|0x00000006a3800000, 0x00000006a3c00000, 0x00000006a3c00000|100%|HC|  |TAMS 0x00000006a3800000| PB 0x00000006a3800000| Complete |  0
| 137|0x00000006a3c00000, 0x00000006a4000000, 0x00000006a4000000|100%|HS|  |TAMS 0x00000006a3c00000| PB 0x00000006a3c00000| Complete |  0
| 138|0x00000006a4000000, 0x00000006a4400000, 0x00000006a4400000|100%|HC|  |TAMS 0x00000006a4000000| PB 0x00000006a4000000| Complete |  0
| 139|0x00000006a4400000, 0x00000006a4800000, 0x00000006a4800000|100%|HS|  |TAMS 0x00000006a4400000| PB 0x00000006a4400000| Complete |  0
| 140|0x00000006a4800000, 0x00000006a4c00000, 0x00000006a4c00000|100%|HC|  |TAMS 0x00000006a4800000| PB 0x00000006a4800000| Complete |  0
| 141|0x00000006a4c00000, 0x00000006a5000000, 0x00000006a5000000|100%|HS|  |TAMS 0x00000006a4c00000| PB 0x00000006a4c00000| Complete |  0
| 142|0x00000006a5000000, 0x00000006a5400000, 0x00000006a5400000|100%|HC|  |TAMS 0x00000006a5000000| PB 0x00000006a5000000| Complete |  0
| 143|0x00000006a5400000, 0x00000006a5800000, 0x00000006a5800000|100%|HS|  |TAMS 0x00000006a5400000| PB 0x00000006a5400000| Complete |  0
| 144|0x00000006a5800000, 0x00000006a5c00000, 0x00000006a5c00000|100%|HC|  |TAMS 0x00000006a5800000| PB 0x00000006a5800000| Complete |  0
| 145|0x00000006a5c00000, 0x00000006a6000000, 0x00000006a6000000|100%|HS|  |TAMS 0x00000006a5c00000| PB 0x00000006a5c00000| Complete |  0
| 146|0x00000006a6000000, 0x00000006a6400000, 0x00000006a6400000|100%|HC|  |TAMS 0x00000006a6000000| PB 0x00000006a6000000| Complete |  0
| 147|0x00000006a6400000, 0x00000006a6800000, 0x00000006a6800000|100%|HS|  |TAMS 0x00000006a6400000| PB 0x00000006a6400000| Complete |  0
| 148|0x00000006a6800000, 0x00000006a6c00000, 0x00000006a6c00000|100%|HC|  |TAMS 0x00000006a6800000| PB 0x00000006a6800000| Complete |  0
| 149|0x00000006a6c00000, 0x00000006a7000000, 0x00000006a7000000|100%|HS|  |TAMS 0x00000006a6c00000| PB 0x00000006a6c00000| Complete |  0
| 150|0x00000006a7000000, 0x00000006a7400000, 0x00000006a7400000|100%|HC|  |TAMS 0x00000006a7000000| PB 0x00000006a7000000| Complete |  0
| 151|0x00000006a7400000, 0x00000006a7800000, 0x00000006a7800000|100%|HS|  |TAMS 0x00000006a7400000| PB 0x00000006a7400000| Complete |  0
| 152|0x00000006a7800000, 0x00000006a7c00000, 0x00000006a7c00000|100%|HC|  |TAMS 0x00000006a7800000| PB 0x00000006a7800000| Complete |  0
| 153|0x00000006a7c00000, 0x00000006a8000000, 0x00000006a8000000|100%|HS|  |TAMS 0x00000006a7c00000| PB 0x00000006a7c00000| Complete |  0
| 154|0x00000006a8000000, 0x00000006a8400000, 0x00000006a8400000|100%|HC|  |TAMS 0x00000006a8000000| PB 0x00000006a8000000| Complete |  0
| 155|0x00000006a8400000, 0x00000006a8800000, 0x00000006a8800000|100%|HS|  |TAMS 0x00000006a8400000| PB 0x00000006a8400000| Complete |  0
| 156|0x00000006a8800000, 0x00000006a8c00000, 0x00000006a8c00000|100%|HC|  |TAMS 0x00000006a8800000| PB 0x00000006a8800000| Complete |  0
| 157|0x00000006a8c00000, 0x00000006a9000000, 0x00000006a9000000|100%|HS|  |TAMS 0x00000006a8c00000| PB 0x00000006a8c00000| Complete |  0
| 158|0x00000006a9000000, 0x00000006a9400000, 0x00000006a9400000|100%|HC|  |TAMS 0x00000006a9000000| PB 0x00000006a9000000| Complete |  0
| 159|0x00000006a9400000, 0x00000006a9800000, 0x00000006a9800000|100%|HS|  |TAMS 0x00000006a9400000| PB 0x00000006a9400000| Complete |  0
| 160|0x00000006a9800000, 0x00000006a9c00000, 0x00000006a9c00000|100%|HC|  |TAMS 0x00000006a9800000| PB 0x00000006a9800000| Complete |  0
| 161|0x00000006a9c00000, 0x00000006aa000000, 0x00000006aa000000|100%|HS|  |TAMS 0x00000006a9c00000| PB 0x00000006a9c00000| Complete |  0
| 162|0x00000006aa000000, 0x00000006aa400000, 0x00000006aa400000|100%|HC|  |TAMS 0x00000006aa000000| PB 0x00000006aa000000| Complete |  0
| 163|0x00000006aa400000, 0x00000006aa800000, 0x00000006aa800000|100%|HS|  |TAMS 0x00000006aa400000| PB 0x00000006aa400000| Complete |  0
| 164|0x00000006aa800000, 0x00000006aac00000, 0x00000006aac00000|100%|HC|  |TAMS 0x00000006aa800000| PB 0x00000006aa800000| Complete |  0
| 165|0x00000006aac00000, 0x00000006ab000000, 0x00000006ab000000|100%|HS|  |TAMS 0x00000006aac00000| PB 0x00000006aac00000| Complete |  0
| 166|0x00000006ab000000, 0x00000006ab400000, 0x00000006ab400000|100%|HC|  |TAMS 0x00000006ab000000| PB 0x00000006ab000000| Complete |  0
| 167|0x00000006ab400000, 0x00000006ab800000, 0x00000006ab800000|100%|HS|  |TAMS 0x00000006ab400000| PB 0x00000006ab400000| Complete |  0
| 168|0x00000006ab800000, 0x00000006abc00000, 0x00000006abc00000|100%|HC|  |TAMS 0x00000006ab800000| PB 0x00000006ab800000| Complete |  0
| 169|0x00000006abc00000, 0x00000006ac000000, 0x00000006ac000000|100%|HS|  |TAMS 0x00000006abc00000| PB 0x00000006abc00000| Complete |  0
| 170|0x00000006ac000000, 0x00000006ac400000, 0x00000006ac400000|100%|HC|  |TAMS 0x00000006ac000000| PB 0x00000006ac000000| Complete |  0
| 171|0x00000006ac400000, 0x00000006ac800000, 0x00000006ac800000|100%|HS|  |TAMS 0x00000006ac400000| PB 0x00000006ac400000| Complete |  0
| 172|0x00000006ac800000, 0x00000006acc00000, 0x00000006acc00000|100%|HC|  |TAMS 0x00000006ac800000| PB 0x00000006ac800000| Complete |  0
| 173|0x00000006acc00000, 0x00000006ad000000, 0x00000006ad000000|100%|HS|  |TAMS 0x00000006acc00000| PB 0x00000006acc00000| Complete |  0
| 174|0x00000006ad000000, 0x00000006ad400000, 0x00000006ad400000|100%|HC|  |TAMS 0x00000006ad000000| PB 0x00000006ad000000| Complete |  0
| 175|0x00000006ad400000, 0x00000006ad800000, 0x00000006ad800000|100%|HS|  |TAMS 0x00000006ad400000| PB 0x00000006ad400000| Complete |  0
| 176|0x00000006ad800000, 0x00000006adc00000, 0x00000006adc00000|100%|HC|  |TAMS 0x00000006ad800000| PB 0x00000006ad800000| Complete |  0
| 177|0x00000006adc00000, 0x00000006ae000000, 0x00000006ae000000|100%|HS|  |TAMS 0x00000006adc00000| PB 0x00000006adc00000| Complete |  0
| 178|0x00000006ae000000, 0x00000006ae400000, 0x00000006ae400000|100%|HC|  |TAMS 0x00000006ae000000| PB 0x00000006ae000000| Complete |  0
| 179|0x00000006ae400000, 0x00000006ae800000, 0x00000006ae800000|100%|HS|  |TAMS 0x00000006ae400000| PB 0x00000006ae400000| Complete |  0
| 180|0x00000006ae800000, 0x00000006aec00000, 0x00000006aec00000|100%|HC|  |TAMS 0x00000006ae800000| PB 0x00000006ae800000| Complete |  0
| 181|0x00000006aec00000, 0x00000006af000000, 0x00000006af000000|100%|HS|  |TAMS 0x00000006aec00000| PB 0x00000006aec00000| Complete |  0
| 182|0x00000006af000000, 0x00000006af400000, 0x00000006af400000|100%|HC|  |TAMS 0x00000006af000000| PB 0x00000006af000000| Complete |  0
| 183|0x00000006af400000, 0x00000006af800000, 0x00000006af800000|100%|HS|  |TAMS 0x00000006af400000| PB 0x00000006af400000| Complete |  0
| 184|0x00000006af800000, 0x00000006afc00000, 0x00000006afc00000|100%|HC|  |TAMS 0x00000006af800000| PB 0x00000006af800000| Complete |  0
| 185|0x00000006afc00000, 0x00000006b0000000, 0x00000006b0000000|100%|HS|  |TAMS 0x00000006afc00000| PB 0x00000006afc00000| Complete |  0
| 186|0x00000006b0000000, 0x00000006b0400000, 0x00000006b0400000|100%|HC|  |TAMS 0x00000006b0000000| PB 0x00000006b0000000| Complete |  0
| 187|0x00000006b0400000, 0x00000006b0800000, 0x00000006b0800000|100%|HS|  |TAMS 0x00000006b0400000| PB 0x00000006b0400000| Complete |  0
| 188|0x00000006b0800000, 0x00000006b0c00000, 0x00000006b0c00000|100%|HC|  |TAMS 0x00000006b0800000| PB 0x00000006b0800000| Complete |  0
| 189|0x00000006b0c00000, 0x00000006b1000000, 0x00000006b1000000|100%|HS|  |TAMS 0x00000006b0c00000| PB 0x00000006b0c00000| Complete |  0
| 190|0x00000006b1000000, 0x00000006b1400000, 0x00000006b1400000|100%|HC|  |TAMS 0x00000006b1000000| PB 0x00000006b1000000| Complete |  0
| 191|0x00000006b1400000, 0x00000006b1800000, 0x00000006b1800000|100%|HS|  |TAMS 0x00000006b1400000| PB 0x00000006b1400000| Complete |  0
| 192|0x00000006b1800000, 0x00000006b1c00000, 0x00000006b1c00000|100%|HC|  |TAMS 0x00000006b1800000| PB 0x00000006b1800000| Complete |  0
| 193|0x00000006b1c00000, 0x00000006b2000000, 0x00000006b2000000|100%|HS|  |TAMS 0x00000006b1c00000| PB 0x00000006b1c00000| Complete |  0
| 194|0x00000006b2000000, 0x00000006b2400000, 0x00000006b2400000|100%|HC|  |TAMS 0x00000006b2000000| PB 0x00000006b2000000| Complete |  0
| 195|0x00000006b2400000, 0x00000006b2800000, 0x00000006b2800000|100%|HS|  |TAMS 0x00000006b2400000| PB 0x00000006b2400000| Complete |  0
| 196|0x00000006b2800000, 0x00000006b2c00000, 0x00000006b2c00000|100%|HC|  |TAMS 0x00000006b2800000| PB 0x00000006b2800000| Complete |  0
| 197|0x00000006b2c00000, 0x00000006b3000000, 0x00000006b3000000|100%|HS|  |TAMS 0x00000006b2c00000| PB 0x00000006b2c00000| Complete |  0
| 198|0x00000006b3000000, 0x00000006b3400000, 0x00000006b3400000|100%|HC|  |TAMS 0x00000006b3000000| PB 0x00000006b3000000| Complete |  0
| 199|0x00000006b3400000, 0x00000006b3800000, 0x00000006b3800000|100%|HS|  |TAMS 0x00000006b3400000| PB 0x00000006b3400000| Complete |  0
| 200|0x00000006b3800000, 0x00000006b3c00000, 0x00000006b3c00000|100%|HC|  |TAMS 0x00000006b3800000| PB 0x00000006b3800000| Complete |  0
| 201|0x00000006b3c00000, 0x00000006b4000000, 0x00000006b4000000|100%|HS|  |TAMS 0x00000006b3c00000| PB 0x00000006b3c00000| Complete |  0
| 202|0x00000006b4000000, 0x00000006b4400000, 0x00000006b4400000|100%|HC|  |TAMS 0x00000006b4000000| PB 0x00000006b4000000| Complete |  0
| 203|0x00000006b4400000, 0x00000006b4800000, 0x00000006b4800000|100%| E|CS|TAMS 0x00000006b4400000| PB 0x00000006b4400000| Complete |  0
| 204|0x00000006b4800000, 0x00000006b4c00000, 0x00000006b4c00000|100%| E|CS|TAMS 0x00000006b4800000| PB 0x00000006b4800000| Complete |  0
| 205|0x00000006b4c00000, 0x00000006b5000000, 0x00000006b5000000|100%| E|CS|TAMS 0x00000006b4c00000| PB 0x00000006b4c00000| Complete |  0
| 206|0x00000006b5000000, 0x00000006b5400000, 0x00000006b5400000|100%| E|CS|TAMS 0x00000006b5000000| PB 0x00000006b5000000| Complete |  0
| 207|0x00000006b5400000, 0x00000006b5800000, 0x00000006b5800000|100%| E|CS|TAMS 0x00000006b5400000| PB 0x00000006b5400000| Complete |  0
| 208|0x00000006b5800000, 0x00000006b5c00000, 0x00000006b5c00000|100%| E|CS|TAMS 0x00000006b5800000| PB 0x00000006b5800000| Complete |  0
| 209|0x00000006b5c00000, 0x00000006b6000000, 0x00000006b6000000|100%| E|CS|TAMS 0x00000006b5c00000| PB 0x00000006b5c00000| Complete |  0
| 210|0x00000006b6000000, 0x00000006b6400000, 0x00000006b6400000|100%| E|CS|TAMS 0x00000006b6000000| PB 0x00000006b6000000| Complete |  0
| 211|0x00000006b6400000, 0x00000006b6800000, 0x00000006b6800000|100%| E|CS|TAMS 0x00000006b6400000| PB 0x00000006b6400000| Complete |  0
| 212|0x00000006b6800000, 0x00000006b6c00000, 0x00000006b6c00000|100%| E|CS|TAMS 0x00000006b6800000| PB 0x00000006b6800000| Complete |  0
| 213|0x00000006b6c00000, 0x00000006b7000000, 0x00000006b7000000|100%| E|CS|TAMS 0x00000006b6c00000| PB 0x00000006b6c00000| Complete |  0
| 214|0x00000006b7000000, 0x00000006b7400000, 0x00000006b7400000|100%| E|CS|TAMS 0x00000006b7000000| PB 0x00000006b7000000| Complete |  0
| 215|0x00000006b7400000, 0x00000006b7800000, 0x00000006b7800000|100%| E|CS|TAMS 0x00000006b7400000| PB 0x00000006b7400000| Complete |  0
| 216|0x00000006b7800000, 0x00000006b7c00000, 0x00000006b7c00000|100%| E|CS|TAMS 0x00000006b7800000| PB 0x00000006b7800000| Complete |  0
| 217|0x00000006b7c00000, 0x00000006b8000000, 0x00000006b8000000|100%| E|CS|TAMS 0x00000006b7c00000| PB 0x00000006b7c00000| Complete |  0
| 218|0x00000006b8000000, 0x00000006b8400000, 0x00000006b8400000|100%| E|CS|TAMS 0x00000006b8000000| PB 0x00000006b8000000| Complete |  0
| 219|0x00000006b8400000, 0x00000006b8800000, 0x00000006b8800000|100%| E|CS|TAMS 0x00000006b8400000| PB 0x00000006b8400000| Complete |  0
| 220|0x00000006b8800000, 0x00000006b8c00000, 0x00000006b8c00000|100%| E|CS|TAMS 0x00000006b8800000| PB 0x00000006b8800000| Complete |  0
| 221|0x00000006b8c00000, 0x00000006b9000000, 0x00000006b9000000|100%| E|CS|TAMS 0x00000006b8c00000| PB 0x00000006b8c00000| Complete |  0
| 222|0x00000006b9000000, 0x00000006b9400000, 0x00000006b9400000|100%| E|CS|TAMS 0x00000006b9000000| PB 0x00000006b9000000| Complete |  0
| 223|0x00000006b9400000, 0x00000006b9800000, 0x00000006b9800000|100%| E|CS|TAMS 0x00000006b9400000| PB 0x00000006b9400000| Complete |  0
| 224|0x00000006b9800000, 0x00000006b9c00000, 0x00000006b9c00000|100%| E|CS|TAMS 0x00000006b9800000| PB 0x00000006b9800000| Complete |  0
| 225|0x00000006b9c00000, 0x00000006ba000000, 0x00000006ba000000|100%| E|CS|TAMS 0x00000006b9c00000| PB 0x00000006b9c00000| Complete |  0
| 226|0x00000006ba000000, 0x00000006ba400000, 0x00000006ba400000|100%| E|CS|TAMS 0x00000006ba000000| PB 0x00000006ba000000| Complete |  0
| 227|0x00000006ba400000, 0x00000006ba800000, 0x00000006ba800000|100%| E|CS|TAMS 0x00000006ba400000| PB 0x00000006ba400000| Complete |  0
| 228|0x00000006ba800000, 0x00000006bac00000, 0x00000006bac00000|100%| E|CS|TAMS 0x00000006ba800000| PB 0x00000006ba800000| Complete |  0
| 229|0x00000006bac00000, 0x00000006bb000000, 0x00000006bb000000|100%| E|CS|TAMS 0x00000006bac00000| PB 0x00000006bac00000| Complete |  0
| 230|0x00000006bb000000, 0x00000006bb400000, 0x00000006bb400000|100%| E|CS|TAMS 0x00000006bb000000| PB 0x00000006bb000000| Complete |  0
| 231|0x00000006bb400000, 0x00000006bb800000, 0x00000006bb800000|100%| E|CS|TAMS 0x00000006bb400000| PB 0x00000006bb400000| Complete |  0
| 232|0x00000006bb800000, 0x00000006bbc00000, 0x00000006bbc00000|100%| E|CS|TAMS 0x00000006bb800000| PB 0x00000006bb800000| Complete |  0
| 233|0x00000006bbc00000, 0x00000006bc000000, 0x00000006bc000000|100%| E|CS|TAMS 0x00000006bbc00000| PB 0x00000006bbc00000| Complete |  0
| 234|0x00000006bc000000, 0x00000006bc400000, 0x00000006bc400000|100%| E|CS|TAMS 0x00000006bc000000| PB 0x00000006bc000000| Complete |  0
| 235|0x00000006bc400000, 0x00000006bc800000, 0x00000006bc800000|100%| E|CS|TAMS 0x00000006bc400000| PB 0x00000006bc400000| Complete |  0
| 236|0x00000006bc800000, 0x00000006bcc00000, 0x00000006bcc00000|100%| E|CS|TAMS 0x00000006bc800000| PB 0x00000006bc800000| Complete |  0
| 237|0x00000006bcc00000, 0x00000006bd000000, 0x00000006bd000000|100%| E|CS|TAMS 0x00000006bcc00000| PB 0x00000006bcc00000| Complete |  0
| 238|0x00000006bd000000, 0x00000006bd400000, 0x00000006bd400000|100%| E|CS|TAMS 0x00000006bd000000| PB 0x00000006bd000000| Complete |  0
| 239|0x00000006bd400000, 0x00000006bd800000, 0x00000006bd800000|100%| E|CS|TAMS 0x00000006bd400000| PB 0x00000006bd400000| Complete |  0
| 240|0x00000006bd800000, 0x00000006bdc00000, 0x00000006bdc00000|100%| E|CS|TAMS 0x00000006bd800000| PB 0x00000006bd800000| Complete |  0
| 241|0x00000006bdc00000, 0x00000006be000000, 0x00000006be000000|100%| E|CS|TAMS 0x00000006bdc00000| PB 0x00000006bdc00000| Complete |  0
| 242|0x00000006be000000, 0x00000006be400000, 0x00000006be400000|100%| E|CS|TAMS 0x00000006be000000| PB 0x00000006be000000| Complete |  0
| 243|0x00000006be400000, 0x00000006be800000, 0x00000006be800000|100%| E|CS|TAMS 0x00000006be400000| PB 0x00000006be400000| Complete |  0
| 244|0x00000006be800000, 0x00000006bec00000, 0x00000006bec00000|100%| E|CS|TAMS 0x00000006be800000| PB 0x00000006be800000| Complete |  0
| 245|0x00000006bec00000, 0x00000006bf000000, 0x00000006bf000000|100%| E|CS|TAMS 0x00000006bec00000| PB 0x00000006bec00000| Complete |  0
| 246|0x00000006bf000000, 0x00000006bf400000, 0x00000006bf400000|100%| E|CS|TAMS 0x00000006bf000000| PB 0x00000006bf000000| Complete |  0
| 247|0x00000006bf400000, 0x00000006bf800000, 0x00000006bf800000|100%| E|CS|TAMS 0x00000006bf400000| PB 0x00000006bf400000| Complete |  0
| 248|0x00000006bf800000, 0x00000006bfc00000, 0x00000006bfc00000|100%| E|CS|TAMS 0x00000006bf800000| PB 0x00000006bf800000| Complete |  0
| 249|0x00000006bfc00000, 0x00000006c0000000, 0x00000006c0000000|100%| E|CS|TAMS 0x00000006bfc00000| PB 0x00000006bfc00000| Complete |  0
| 250|0x00000006c0000000, 0x00000006c0400000, 0x00000006c0400000|100%| E|CS|TAMS 0x00000006c0000000| PB 0x00000006c0000000| Complete |  0
| 251|0x00000006c0400000, 0x00000006c0800000, 0x00000006c0800000|100%| E|CS|TAMS 0x00000006c0400000| PB 0x00000006c0400000| Complete |  0
| 252|0x00000006c0800000, 0x00000006c0c00000, 0x00000006c0c00000|100%| E|CS|TAMS 0x00000006c0800000| PB 0x00000006c0800000| Complete |  0
| 253|0x00000006c0c00000, 0x00000006c1000000, 0x00000006c1000000|100%| E|CS|TAMS 0x00000006c0c00000| PB 0x00000006c0c00000| Complete |  0
| 254|0x00000006c1000000, 0x00000006c1400000, 0x00000006c1400000|100%| E|CS|TAMS 0x00000006c1000000| PB 0x00000006c1000000| Complete |  0
| 255|0x00000006c1400000, 0x00000006c1800000, 0x00000006c1800000|100%| E|CS|TAMS 0x00000006c1400000| PB 0x00000006c1400000| Complete |  0
| 256|0x00000006c1800000, 0x00000006c1c00000, 0x00000006c1c00000|100%| E|CS|TAMS 0x00000006c1800000| PB 0x00000006c1800000| Complete |  0
| 257|0x00000006c1c00000, 0x00000006c2000000, 0x00000006c2000000|100%| E|CS|TAMS 0x00000006c1c00000| PB 0x00000006c1c00000| Complete |  0
| 258|0x00000006c2000000, 0x00000006c2400000, 0x00000006c2400000|100%| E|CS|TAMS 0x00000006c2000000| PB 0x00000006c2000000| Complete |  0
| 259|0x00000006c2400000, 0x00000006c2800000, 0x00000006c2800000|100%| E|CS|TAMS 0x00000006c2400000| PB 0x00000006c2400000| Complete |  0
| 260|0x00000006c2800000, 0x00000006c2c00000, 0x00000006c2c00000|100%| E|CS|TAMS 0x00000006c2800000| PB 0x00000006c2800000| Complete |  0
| 261|0x00000006c2c00000, 0x00000006c3000000, 0x00000006c3000000|100%| E|CS|TAMS 0x00000006c2c00000| PB 0x00000006c2c00000| Complete |  0
| 262|0x00000006c3000000, 0x00000006c3400000, 0x00000006c3400000|100%| E|CS|TAMS 0x00000006c3000000| PB 0x00000006c3000000| Complete |  0
| 263|0x00000006c3400000, 0x00000006c3800000, 0x00000006c3800000|100%| E|CS|TAMS 0x00000006c3400000| PB 0x00000006c3400000| Complete |  0
| 264|0x00000006c3800000, 0x00000006c3c00000, 0x00000006c3c00000|100%| E|CS|TAMS 0x00000006c3800000| PB 0x00000006c3800000| Complete |  0
| 265|0x00000006c3c00000, 0x00000006c4000000, 0x00000006c4000000|100%| E|CS|TAMS 0x00000006c3c00000| PB 0x00000006c3c00000| Complete |  0
| 266|0x00000006c4000000, 0x00000006c4400000, 0x00000006c4400000|100%| E|CS|TAMS 0x00000006c4000000| PB 0x00000006c4000000| Complete |  0
| 267|0x00000006c4400000, 0x00000006c4800000, 0x00000006c4800000|100%| E|CS|TAMS 0x00000006c4400000| PB 0x00000006c4400000| Complete |  0
| 268|0x00000006c4800000, 0x00000006c4c00000, 0x00000006c4c00000|100%| E|CS|TAMS 0x00000006c4800000| PB 0x00000006c4800000| Complete |  0
| 269|0x00000006c4c00000, 0x00000006c5000000, 0x00000006c5000000|100%| E|CS|TAMS 0x00000006c4c00000| PB 0x00000006c4c00000| Complete |  0
| 270|0x00000006c5000000, 0x00000006c5400000, 0x00000006c5400000|100%| E|CS|TAMS 0x00000006c5000000| PB 0x00000006c5000000| Complete |  0
| 271|0x00000006c5400000, 0x00000006c5800000, 0x00000006c5800000|100%| E|CS|TAMS 0x00000006c5400000| PB 0x00000006c5400000| Complete |  0
| 272|0x00000006c5800000, 0x00000006c5c00000, 0x00000006c5c00000|100%| E|CS|TAMS 0x00000006c5800000| PB 0x00000006c5800000| Complete |  0
| 273|0x00000006c5c00000, 0x00000006c6000000, 0x00000006c6000000|100%| E|CS|TAMS 0x00000006c5c00000| PB 0x00000006c5c00000| Complete |  0
| 274|0x00000006c6000000, 0x00000006c6400000, 0x00000006c6400000|100%| E|CS|TAMS 0x00000006c6000000| PB 0x00000006c6000000| Complete |  0
| 275|0x00000006c6400000, 0x00000006c6800000, 0x00000006c6800000|100%| E|CS|TAMS 0x00000006c6400000| PB 0x00000006c6400000| Complete |  0
| 276|0x00000006c6800000, 0x00000006c6c00000, 0x00000006c6c00000|100%| E|CS|TAMS 0x00000006c6800000| PB 0x00000006c6800000| Complete |  0
| 277|0x00000006c6c00000, 0x00000006c7000000, 0x00000006c7000000|100%| E|CS|TAMS 0x00000006c6c00000| PB 0x00000006c6c00000| Complete |  0
| 278|0x00000006c7000000, 0x00000006c7400000, 0x00000006c7400000|100%| E|CS|TAMS 0x00000006c7000000| PB 0x00000006c7000000| Complete |  0
| 279|0x00000006c7400000, 0x00000006c7800000, 0x00000006c7800000|100%| E|CS|TAMS 0x00000006c7400000| PB 0x00000006c7400000| Complete |  0
| 280|0x00000006c7800000, 0x00000006c7c00000, 0x00000006c7c00000|100%| E|CS|TAMS 0x00000006c7800000| PB 0x00000006c7800000| Complete |  0
| 281|0x00000006c7c00000, 0x00000006c8000000, 0x00000006c8000000|100%| E|CS|TAMS 0x00000006c7c00000| PB 0x00000006c7c00000| Complete |  0
| 282|0x00000006c8000000, 0x00000006c8400000, 0x00000006c8400000|100%| E|CS|TAMS 0x00000006c8000000| PB 0x00000006c8000000| Complete |  0
| 283|0x00000006c8400000, 0x00000006c8800000, 0x00000006c8800000|100%| E|CS|TAMS 0x00000006c8400000| PB 0x00000006c8400000| Complete |  0
| 284|0x00000006c8800000, 0x00000006c8c00000, 0x00000006c8c00000|100%| E|CS|TAMS 0x00000006c8800000| PB 0x00000006c8800000| Complete |  0
| 285|0x00000006c8c00000, 0x00000006c9000000, 0x00000006c9000000|100%| E|CS|TAMS 0x00000006c8c00000| PB 0x00000006c8c00000| Complete |  0
| 286|0x00000006c9000000, 0x00000006c9400000, 0x00000006c9400000|100%| E|CS|TAMS 0x00000006c9000000| PB 0x00000006c9000000| Complete |  0
| 287|0x00000006c9400000, 0x00000006c9800000, 0x00000006c9800000|100%| E|CS|TAMS 0x00000006c9400000| PB 0x00000006c9400000| Complete |  0
| 288|0x00000006c9800000, 0x00000006c9c00000, 0x00000006c9c00000|100%| E|CS|TAMS 0x00000006c9800000| PB 0x00000006c9800000| Complete |  0
| 289|0x00000006c9c00000, 0x00000006ca000000, 0x00000006ca000000|100%| E|CS|TAMS 0x00000006c9c00000| PB 0x00000006c9c00000| Complete |  0
| 290|0x00000006ca000000, 0x00000006ca400000, 0x00000006ca400000|100%| E|CS|TAMS 0x00000006ca000000| PB 0x00000006ca000000| Complete |  0
| 291|0x00000006ca400000, 0x00000006ca800000, 0x00000006ca800000|100%| E|CS|TAMS 0x00000006ca400000| PB 0x00000006ca400000| Complete |  0
| 292|0x00000006ca800000, 0x00000006cac00000, 0x00000006cac00000|100%| E|CS|TAMS 0x00000006ca800000| PB 0x00000006ca800000| Complete |  0
| 293|0x00000006cac00000, 0x00000006cb000000, 0x00000006cb000000|100%| E|CS|TAMS 0x00000006cac00000| PB 0x00000006cac00000| Complete |  0
| 294|0x00000006cb000000, 0x00000006cb400000, 0x00000006cb400000|100%| E|CS|TAMS 0x00000006cb000000| PB 0x00000006cb000000| Complete |  0
| 295|0x00000006cb400000, 0x00000006cb800000, 0x00000006cb800000|100%| E|CS|TAMS 0x00000006cb400000| PB 0x00000006cb400000| Complete |  0
| 296|0x00000006cb800000, 0x00000006cbc00000, 0x00000006cbc00000|100%| E|CS|TAMS 0x00000006cb800000| PB 0x00000006cb800000| Complete |  0
| 297|0x00000006cbc00000, 0x00000006cc000000, 0x00000006cc000000|100%| E|CS|TAMS 0x00000006cbc00000| PB 0x00000006cbc00000| Complete |  0
| 298|0x00000006cc000000, 0x00000006cc400000, 0x00000006cc400000|100%| E|CS|TAMS 0x00000006cc000000| PB 0x00000006cc000000| Complete |  0
| 299|0x00000006cc400000, 0x00000006cc800000, 0x00000006cc800000|100%| E|CS|TAMS 0x00000006cc400000| PB 0x00000006cc400000| Complete |  0
| 300|0x00000006cc800000, 0x00000006cc91c8e0, 0x00000006ccc00000| 27%| E|CS|TAMS 0x00000006cc800000| PB 0x00000006cc800000| Complete |  0
| 301|0x00000006ccc00000, 0x00000006cd000000, 0x00000006cd000000|100%|HS|  |TAMS 0x00000006ccc00000| PB 0x00000006ccc00000| Complete |  0
| 302|0x00000006cd000000, 0x00000006cd400000, 0x00000006cd400000|100%|HC|  |TAMS 0x00000006cd000000| PB 0x00000006cd000000| Complete |  0
| 303|0x00000006cd400000, 0x00000006cd800000, 0x00000006cd800000|100%|HS|  |TAMS 0x00000006cd400000| PB 0x00000006cd400000| Complete |  0
| 304|0x00000006cd800000, 0x00000006cdc00000, 0x00000006cdc00000|100%|HC|  |TAMS 0x00000006cd800000| PB 0x00000006cd800000| Complete |  0
| 305|0x00000006cdc00000, 0x00000006ce000000, 0x00000006ce000000|100%|HS|  |TAMS 0x00000006cdc00000| PB 0x00000006cdc00000| Complete |  0
| 306|0x00000006ce000000, 0x00000006ce400000, 0x00000006ce400000|100%|HC|  |TAMS 0x00000006ce000000| PB 0x00000006ce000000| Complete |  0
| 307|0x00000006ce400000, 0x00000006ce800000, 0x00000006ce800000|100%|HS|  |TAMS 0x00000006ce400000| PB 0x00000006ce400000| Complete |  0
| 308|0x00000006ce800000, 0x00000006cec00000, 0x00000006cec00000|100%|HC|  |TAMS 0x00000006ce800000| PB 0x00000006ce800000| Complete |  0
| 309|0x00000006cec00000, 0x00000006cf000000, 0x00000006cf000000|100%|HS|  |TAMS 0x00000006cec00000| PB 0x00000006cec00000| Complete |  0
| 310|0x00000006cf000000, 0x00000006cf400000, 0x00000006cf400000|100%|HC|  |TAMS 0x00000006cf000000| PB 0x00000006cf000000| Complete |  0
| 311|0x00000006cf400000, 0x00000006cf800000, 0x00000006cf800000|100%|HS|  |TAMS 0x00000006cf400000| PB 0x00000006cf400000| Complete |  0
| 312|0x00000006cf800000, 0x00000006cfc00000, 0x00000006cfc00000|100%|HC|  |TAMS 0x00000006cf800000| PB 0x00000006cf800000| Complete |  0
| 313|0x00000006cfc00000, 0x00000006d0000000, 0x00000006d0000000|100%|HS|  |TAMS 0x00000006cfc00000| PB 0x00000006cfc00000| Complete |  0
| 314|0x00000006d0000000, 0x00000006d0400000, 0x00000006d0400000|100%|HC|  |TAMS 0x00000006d0000000| PB 0x00000006d0000000| Complete |  0
| 315|0x00000006d0400000, 0x00000006d0800000, 0x00000006d0800000|100%|HS|  |TAMS 0x00000006d0400000| PB 0x00000006d0400000| Complete |  0
| 316|0x00000006d0800000, 0x00000006d0c00000, 0x00000006d0c00000|100%|HC|  |TAMS 0x00000006d0800000| PB 0x00000006d0800000| Complete |  0
| 317|0x00000006d0c00000, 0x00000006d1000000, 0x00000006d1000000|100%|HS|  |TAMS 0x00000006d0c00000| PB 0x00000006d0c00000| Complete |  0
| 318|0x00000006d1000000, 0x00000006d1400000, 0x00000006d1400000|100%|HC|  |TAMS 0x00000006d1000000| PB 0x00000006d1000000| Complete |  0
| 319|0x00000006d1400000, 0x00000006d1800000, 0x00000006d1800000|100%|HS|  |TAMS 0x00000006d1400000| PB 0x00000006d1400000| Complete |  0
| 320|0x00000006d1800000, 0x00000006d1c00000, 0x00000006d1c00000|100%|HC|  |TAMS 0x00000006d1800000| PB 0x00000006d1800000| Complete |  0
| 321|0x00000006d1c00000, 0x00000006d2000000, 0x00000006d2000000|100%|HS|  |TAMS 0x00000006d1c00000| PB 0x00000006d1c00000| Complete |  0
| 322|0x00000006d2000000, 0x00000006d2400000, 0x00000006d2400000|100%|HC|  |TAMS 0x00000006d2000000| PB 0x00000006d2000000| Complete |  0
| 323|0x00000006d2400000, 0x00000006d2800000, 0x00000006d2800000|100%|HS|  |TAMS 0x00000006d2400000| PB 0x00000006d2400000| Complete |  0
| 324|0x00000006d2800000, 0x00000006d2c00000, 0x00000006d2c00000|100%|HC|  |TAMS 0x00000006d2800000| PB 0x00000006d2800000| Complete |  0
| 325|0x00000006d2c00000, 0x00000006d3000000, 0x00000006d3000000|100%|HS|  |TAMS 0x00000006d2c00000| PB 0x00000006d2c00000| Complete |  0
| 326|0x00000006d3000000, 0x00000006d3400000, 0x00000006d3400000|100%|HC|  |TAMS 0x00000006d3000000| PB 0x00000006d3000000| Complete |  0
| 327|0x00000006d3400000, 0x00000006d3800000, 0x00000006d3800000|100%| S|  |TAMS 0x00000006d3400000| PB 0x00000006d3400000| Complete |  0
| 328|0x00000006d3800000, 0x00000006d3c00000, 0x00000006d3c00000|100%| S|  |TAMS 0x00000006d3800000| PB 0x00000006d3800000| Complete |  0
| 329|0x00000006d3c00000, 0x00000006d4000000, 0x00000006d4000000|100%| S|  |TAMS 0x00000006d3c00000| PB 0x00000006d3c00000| Complete |  0
| 330|0x00000006d4000000, 0x00000006d4400000, 0x00000006d4400000|100%| S|  |TAMS 0x00000006d4000000| PB 0x00000006d4000000| Complete |  0
| 331|0x00000006d4400000, 0x00000006d4800000, 0x00000006d4800000|100%| S|  |TAMS 0x00000006d4400000| PB 0x00000006d4400000| Complete |  0
| 332|0x00000006d4800000, 0x00000006d4c00000, 0x00000006d4c00000|100%| S|  |TAMS 0x00000006d4800000| PB 0x00000006d4800000| Complete |  0
| 333|0x00000006d4c00000, 0x00000006d5000000, 0x00000006d5000000|100%| S|  |TAMS 0x00000006d4c00000| PB 0x00000006d4c00000| Complete |  0
| 334|0x00000006d5000000, 0x00000006d5243240, 0x00000006d5400000| 56%| S|  |TAMS 0x00000006d5000000| PB 0x00000006d5000000| Complete |  0
| 369|0x00000006ddc00000, 0x00000006de000000, 0x00000006de000000|100%| E|CS|TAMS 0x00000006ddc00000| PB 0x00000006ddc00000| Complete |  0
| 370|0x00000006de000000, 0x00000006de400000, 0x00000006de400000|100%| E|CS|TAMS 0x00000006de000000| PB 0x00000006de000000| Complete |  0
| 371|0x00000006de400000, 0x00000006de800000, 0x00000006de800000|100%| E|CS|TAMS 0x00000006de400000| PB 0x00000006de400000| Complete |  0
| 372|0x00000006de800000, 0x00000006dec00000, 0x00000006dec00000|100%| E|CS|TAMS 0x00000006de800000| PB 0x00000006de800000| Complete |  0
| 373|0x00000006dec00000, 0x00000006df000000, 0x00000006df000000|100%| E|CS|TAMS 0x00000006dec00000| PB 0x00000006dec00000| Complete |  0
| 374|0x00000006df000000, 0x00000006df400000, 0x00000006df400000|100%| E|CS|TAMS 0x00000006df000000| PB 0x00000006df000000| Complete |  0
| 375|0x00000006df400000, 0x00000006df800000, 0x00000006df800000|100%| E|CS|TAMS 0x00000006df400000| PB 0x00000006df400000| Complete |  0
| 376|0x00000006df800000, 0x00000006dfc00000, 0x00000006dfc00000|100%| E|CS|TAMS 0x00000006df800000| PB 0x00000006df800000| Complete |  0
| 380|0x00000006e0800000, 0x00000006e0c00000, 0x00000006e0c00000|100%| E|CS|TAMS 0x00000006e0800000| PB 0x00000006e0800000| Complete |  0
| 381|0x00000006e0c00000, 0x00000006e1000000, 0x00000006e1000000|100%| E|CS|TAMS 0x00000006e0c00000| PB 0x00000006e0c00000| Complete |  0
| 382|0x00000006e1000000, 0x00000006e1400000, 0x00000006e1400000|100%| E|CS|TAMS 0x00000006e1000000| PB 0x00000006e1000000| Complete |  0
| 383|0x00000006e1400000, 0x00000006e1800000, 0x00000006e1800000|100%| E|CS|TAMS 0x00000006e1400000| PB 0x00000006e1400000| Complete |  0
| 384|0x00000006e1800000, 0x00000006e1c00000, 0x00000006e1c00000|100%| E|CS|TAMS 0x00000006e1800000| PB 0x00000006e1800000| Complete |  0
| 385|0x00000006e1c00000, 0x00000006e2000000, 0x00000006e2000000|100%| E|CS|TAMS 0x00000006e1c00000| PB 0x00000006e1c00000| Complete |  0
|1480|0x00000007f3800000, 0x00000007f380be78, 0x00000007f3c00000|  1%| O|  |TAMS 0x00000007f3800000| PB 0x00000007f3800000| Untracked |  0
|1481|0x00000007f3c00000, 0x00000007f4000000, 0x00000007f4000000|100%| O|  |TAMS 0x00000007f3c00000| PB 0x00000007f3c00000| Untracked |  0
|1482|0x00000007f4000000, 0x00000007f4400000, 0x00000007f4400000|100%| O|  |TAMS 0x00000007f4000000| PB 0x00000007f4000000| Untracked |  0
|1483|0x00000007f4400000, 0x00000007f4800000, 0x00000007f4800000|100%| O|  |TAMS 0x00000007f4400000| PB 0x00000007f4400000| Untracked |  0
|1484|0x00000007f4800000, 0x00000007f4b59740, 0x00000007f4c00000| 83%| O|  |TAMS 0x00000007f4800000| PB 0x00000007f4800000| Untracked |  0
|1485|0x00000007f4c00000, 0x00000007f5000000, 0x00000007f5000000|100%| E|CS|TAMS 0x00000007f4c00000| PB 0x00000007f4c00000| Complete |  0
|1486|0x00000007f5000000, 0x00000007f51a0f08, 0x00000007f5400000| 40%| O|CS|TAMS 0x00000007f5000000| PB 0x00000007f5000000| Complete |  0
|1487|0x00000007f5400000, 0x00000007f5800000, 0x00000007f5800000|100%| O|  |TAMS 0x00000007f5400000| PB 0x00000007f5400000| Untracked |  0
|1488|0x00000007f5800000, 0x00000007f5c00000, 0x00000007f5c00000|100%| O|  |TAMS 0x00000007f5800000| PB 0x00000007f5800000| Untracked |  0
|1489|0x00000007f5c00000, 0x00000007f6000000, 0x00000007f6000000|100%| O|  |TAMS 0x00000007f5c00000| PB 0x00000007f5c00000| Untracked |  0
|1490|0x00000007f6000000, 0x00000007f6400000, 0x00000007f6400000|100%| E|CS|TAMS 0x00000007f6000000| PB 0x00000007f6000000| Complete |  0
|1491|0x00000007f6400000, 0x00000007f6800000, 0x00000007f6800000|100%| O|  |TAMS 0x00000007f6400000| PB 0x00000007f6400000| Untracked |  0
|1492|0x00000007f6800000, 0x00000007f6b7c820, 0x00000007f6c00000| 87%| O|  |TAMS 0x00000007f6800000| PB 0x00000007f6800000| Untracked |  0
|1493|0x00000007f6c00000, 0x00000007f7000000, 0x00000007f7000000|100%| O|  |TAMS 0x00000007f6c00000| PB 0x00000007f6c00000| Untracked |  0
|1494|0x00000007f7000000, 0x00000007f7400000, 0x00000007f7400000|100%| O|  |TAMS 0x00000007f7000000| PB 0x00000007f7000000| Untracked |  0
|1495|0x00000007f7400000, 0x00000007f7800000, 0x00000007f7800000|100%| E|CS|TAMS 0x00000007f7400000| PB 0x00000007f7400000| Complete |  0
|1496|0x00000007f7800000, 0x00000007f7c00000, 0x00000007f7c00000|100%| O|  |TAMS 0x00000007f7800000| PB 0x00000007f7800000| Untracked |  0
|1497|0x00000007f7c00000, 0x00000007f8000000, 0x00000007f8000000|100%| O|  |TAMS 0x00000007f7c00000| PB 0x00000007f7c00000| Untracked |  0
|1498|0x00000007f8000000, 0x00000007f83eece0, 0x00000007f8400000| 98%| O|  |TAMS 0x00000007f8000000| PB 0x00000007f8000000| Untracked |  0
|1499|0x00000007f8400000, 0x00000007f8800000, 0x00000007f8800000|100%| O|  |TAMS 0x00000007f8400000| PB 0x00000007f8400000| Untracked |  0
|1500|0x00000007f8800000, 0x00000007f8ba4760, 0x00000007f8c00000| 91%| O|  |TAMS 0x00000007f8800000| PB 0x00000007f8800000| Untracked |  0
|1501|0x00000007f8c00000, 0x00000007f9000000, 0x00000007f9000000|100%| O|  |TAMS 0x00000007f8c00000| PB 0x00000007f8c00000| Untracked |  0
|1502|0x00000007f9000000, 0x00000007f9400000, 0x00000007f9400000|100%| O|  |TAMS 0x00000007f9000000| PB 0x00000007f9000000| Untracked |  0
|1503|0x00000007f9400000, 0x00000007f9800000, 0x00000007f9800000|100%| O|  |TAMS 0x00000007f9400000| PB 0x00000007f9400000| Untracked |  0
|1504|0x00000007f9800000, 0x00000007f9c00000, 0x00000007f9c00000|100%| O|  |TAMS 0x00000007f9800000| PB 0x00000007f9800000| Untracked |  0
|1505|0x00000007f9c00000, 0x00000007fa000000, 0x00000007fa000000|100%| O|  |TAMS 0x00000007f9c00000| PB 0x00000007f9c00000| Untracked |  0
|1506|0x00000007fa000000, 0x00000007fa400000, 0x00000007fa400000|100%| O|  |TAMS 0x00000007fa000000| PB 0x00000007fa000000| Untracked |  0
|1507|0x00000007fa400000, 0x00000007fa800000, 0x00000007fa800000|100%| O|  |TAMS 0x00000007fa400000| PB 0x00000007fa400000| Untracked |  0
|1508|0x00000007fa800000, 0x00000007fac00000, 0x00000007fac00000|100%| O|  |TAMS 0x00000007fa800000| PB 0x00000007fa800000| Untracked |  0
|1509|0x00000007fac00000, 0x00000007fb000000, 0x00000007fb000000|100%| O|  |TAMS 0x00000007fac00000| PB 0x00000007fac00000| Untracked |  0
|1510|0x00000007fb000000, 0x00000007fb400000, 0x00000007fb400000|100%| O|  |TAMS 0x00000007fb000000| PB 0x00000007fb000000| Untracked |  0
|1511|0x00000007fb400000, 0x00000007fb800000, 0x00000007fb800000|100%| O|  |TAMS 0x00000007fb400000| PB 0x00000007fb400000| Untracked |  0
|1512|0x00000007fb800000, 0x00000007fbc00000, 0x00000007fbc00000|100%| O|  |TAMS 0x00000007fb800000| PB 0x00000007fb800000| Untracked |  0
|1513|0x00000007fbc00000, 0x00000007fc000000, 0x00000007fc000000|100%| O|  |TAMS 0x00000007fbc00000| PB 0x00000007fbc00000| Untracked |  0
|1514|0x00000007fc000000, 0x00000007fc400000, 0x00000007fc400000|100%| O|  |TAMS 0x00000007fc000000| PB 0x00000007fc000000| Untracked |  0
|1515|0x00000007fc400000, 0x00000007fc800000, 0x00000007fc800000|100%| O|  |TAMS 0x00000007fc400000| PB 0x00000007fc400000| Untracked |  0
|1516|0x00000007fc800000, 0x00000007fcc00000, 0x00000007fcc00000|100%| O|  |TAMS 0x00000007fc800000| PB 0x00000007fc800000| Untracked |  0
|1517|0x00000007fcc00000, 0x00000007fd000000, 0x00000007fd000000|100%| O|  |TAMS 0x00000007fcc00000| PB 0x00000007fcc00000| Untracked |  0
|1518|0x00000007fd000000, 0x00000007fd400000, 0x00000007fd400000|100%| O|  |TAMS 0x00000007fd000000| PB 0x00000007fd000000| Untracked |  0
|1519|0x00000007fd400000, 0x00000007fd800000, 0x00000007fd800000|100%| O|  |TAMS 0x00000007fd400000| PB 0x00000007fd400000| Untracked |  0
|1520|0x00000007fd800000, 0x00000007fdc00000, 0x00000007fdc00000|100%| O|  |TAMS 0x00000007fd800000| PB 0x00000007fd800000| Untracked |  0
|1521|0x00000007fdc00000, 0x00000007fe000000, 0x00000007fe000000|100%| O|  |TAMS 0x00000007fdc00000| PB 0x00000007fdc00000| Untracked |  0
|1522|0x00000007fe000000, 0x00000007fe400000, 0x00000007fe400000|100%| O|  |TAMS 0x00000007fe000000| PB 0x00000007fe000000| Untracked |  0
|1523|0x00000007fe400000, 0x00000007fe800000, 0x00000007fe800000|100%| O|  |TAMS 0x00000007fe400000| PB 0x00000007fe400000| Untracked |  0
|1524|0x00000007fe800000, 0x00000007fec00000, 0x00000007fec00000|100%| O|  |TAMS 0x00000007fe800000| PB 0x00000007fe800000| Untracked |  0
|1525|0x00000007fec00000, 0x00000007ff000000, 0x00000007ff000000|100%| E|CS|TAMS 0x00000007fec00000| PB 0x00000007fec00000| Complete |  0
|1526|0x00000007ff000000, 0x00000007ff400000, 0x00000007ff400000|100%| O|  |TAMS 0x00000007ff000000| PB 0x00000007ff000000| Untracked |  0
|1527|0x00000007ff400000, 0x00000007ff7d6130, 0x00000007ff800000| 95%| O|  |TAMS 0x00000007ff400000| PB 0x00000007ff400000| Untracked |  0
|1528|0x00000007ff800000, 0x00000007ffc00000, 0x00000007ffc00000|100%| O|  |TAMS 0x00000007ff800000| PB 0x00000007ff800000| Untracked |  0
|1529|0x00000007ffc00000, 0x0000000800000000, 0x0000000800000000|100%| E|CS|TAMS 0x00000007ffc00000| PB 0x00000007ffc00000| Complete |  0

Card table byte_map: [0x0000020fde200000,0x0000020fdee00000] _byte_map_base: 0x0000020fdadf4000

Marking Bits: (CMBitMap*) 0x0000020fc4f276b0
 Bits: [0x0000020fdee00000, 0x0000020fe4da0000)

Polling page: 0x0000020fc2d90000

Metaspace:
Metaspace        used 93254K, committed 94976K, reserved 1179648K
 class space     used 7990K, committed 8768K, reserved 1048576K

Usage:
  Non-class:     83.27 MB used.
      Class:      7.80 MB used.
       Both:     91.07 MB used.

Virtual space:
  Non-class space:      128.00 MB reserved,      84.19 MB ( 66%) committed,  2 nodes.
      Class space:        1.00 GB reserved,       8.56 MB ( <1%) committed,  1 nodes.
             Both:        1.12 GB reserved,      92.75 MB (  8%) committed. 

Chunk freelists:
   Non-Class:  11.30 MB
       Class:  7.26 MB
        Both:  18.55 MB

MaxMetaspaceSize: unlimited
CompressedClassSpaceSize: 1.00 GB
Initial GC threshold: 21.00 MB
Current GC threshold: 154.31 MB
CDS: on
 - commit_granule_bytes: 65536.
 - commit_granule_words: 8192.
 - virtual_space_node_default_size: 8388608.
 - enlarge_chunks_in_place: 1.
UseCompressedClassPointers 1, UseCompactObjectHeaders 0
Narrow klass pointer bits 32, Max shift 3
Narrow klass base: 0x0000000081000000, Narrow klass shift: 0
Encoding Range: [0x0000000081000000 - 0x0000000181000000), (4294967296 bytes)
Klass Range:    [0x0000000081010000 - 0x00000000c2000000), (1090453504 bytes)
Klass ID Range:  [65536 - 1090519033) (1090453497)
Protection zone: [0x0000000081000000 - 0x0000000081010000), (65536 bytes)


Internal statistics:

num_allocs_failed_limit: 15.
num_arena_births: 1460.
num_arena_deaths: 14.
num_vsnodes_births: 3.
num_vsnodes_deaths: 0.
num_space_committed: 1484.
num_space_uncommitted: 0.
num_chunks_returned_to_freelist: 29.
num_chunks_taken_from_freelist: 5881.
num_chunk_merges: 16.
num_chunk_splits: 3625.
num_chunks_enlarged: 2100.
num_inconsistent_stats: 0.

CodeHeap 'non-profiled nmethods': size=119232Kb used=21400Kb max_used=21754Kb free=97831Kb
 bounds [0x0000020fd52b0000, 0x0000020fd6800000, 0x0000020fdc720000]
CodeHeap 'profiled nmethods': size=119104Kb used=21787Kb max_used=28228Kb free=97317Kb
 bounds [0x0000020fcd720000, 0x0000020fcf2e0000, 0x0000020fd4b70000]
CodeHeap 'non-nmethods': size=7424Kb used=1766Kb max_used=3652Kb free=5657Kb
 bounds [0x0000020fd4b70000, 0x0000020fd4f10000, 0x0000020fd52b0000]
CodeCache: size=245760Kb, used=44953Kb, max_used=53634Kb, free=200805Kb
 total_blobs=15001, nmethods=14126, adapters=770, full_count=0
Compilation: enabled, stopped_count=0, restarted_count=0

Compilation events (20 events):
Event: 1925.547 Thread 0x0000020fc4eaad80 37901   !   4       org.eclipse.jdt.internal.core.PackageFragment::validateExistence (64 bytes)
Event: 1925.553 Thread 0x0000020fc4eaad80 nmethod 37901 0x0000020fd5b46688 code [0x0000020fd5b46780, 0x0000020fd5b46c90]
Event: 1925.580 Thread 0x0000020fc4eaad80 37902       4       org.eclipse.jdt.internal.compiler.lookup.BlockScope::checkUnclosedCloseables (574 bytes)
Event: 1925.584 Thread 0x0000020fc4ea64f0 37903       3       org.eclipse.jdt.internal.compiler.codegen.CodeStream::fstore (185 bytes)
Event: 1925.585 Thread 0x0000020fc4ea64f0 nmethod 37903 0x0000020fcdb83388 code [0x0000020fcdb83480, 0x0000020fcdb83930]
Event: 1925.637 Thread 0x0000020fc4eaad80 nmethod 37902 0x0000020fd619cd08 code [0x0000020fd619ce00, 0x0000020fd619fb70]
Event: 1929.957 Thread 0x0000020fc4eaad80 37904       4       org.eclipse.jdt.internal.core.dom.rewrite.ASTRewriteAnalyzer::getScanner (109 bytes)
Event: 1929.963 Thread 0x0000020fc4eaad80 nmethod 37904 0x0000020fd6128008 code [0x0000020fd6128100, 0x0000020fd6128970]
Event: 1930.001 Thread 0x0000020fc4eaad80 37905       4       org.eclipse.jdt.core.dom.CastExpression::internalGetSetChildProperty (60 bytes)
Event: 1930.003 Thread 0x0000020fc4eaad80 nmethod 37905 0x0000020fd557fc88 code [0x0000020fd557fd80, 0x0000020fd557fee0]
Event: 1930.467 Thread 0x0000020fc4eaad80 37906       4       org.eclipse.jdt.internal.compiler.codegen.OperandStack$NullStack::pop (4 bytes)
Event: 1930.467 Thread 0x0000020fc4ea64f0 37907       3       org.eclipse.jdt.internal.compiler.codegen.VerificationTypeInfo::hashCode (18 bytes)
Event: 1930.467 Thread 0x0000020fc4eaad80 nmethod 37906 0x0000020fd5597d88 code [0x0000020fd5597e80, 0x0000020fd5597f00]
Event: 1930.467 Thread 0x0000020fc4ea64f0 nmethod 37907 0x0000020fcdd7d288 code [0x0000020fcdd7d380, 0x0000020fcdd7d720]
Event: 1930.470 Thread 0x0000020fc4eaad80 37908       4       org.eclipse.jdt.internal.compiler.ClassFile::traverse (7238 bytes)
Event: 1931.191 Thread 0x0000020fc4eaad80 nmethod 37908 0x0000020fd67eeb08 code [0x0000020fd67ef400, 0x0000020fd67fc8d0]
Event: 1933.013 Thread 0x0000020fc4eaad80 37909       4       java.lang.StringUTF16::putCharsSB (21 bytes)
Event: 1933.018 Thread 0x0000020fc4eaad80 nmethod 37909 0x0000020fd57e0088 code [0x0000020fd57e0180, 0x0000020fd57e0420]
Event: 1933.050 Thread 0x0000020fc4eaad80 37910   !   4       org.eclipse.jdt.internal.core.dom.rewrite.ASTRewriteAnalyzer::visit (133 bytes)
Event: 1933.063 Thread 0x0000020fc4eaad80 nmethod 37910 0x0000020fd58a3e88 code [0x0000020fd58a3f80, 0x0000020fd58a4930]

GC Heap Usage History (20 events):
Event: 1105.757 {heap After GC invocations=220 (full 0):
 garbage-first heap   total reserved 6266880K, committed 1413120K, used 336190K [0x0000000681800000, 0x0000000800000000)
  region size 4096K, 6 young (24576K), 6 survivors (24576K)
}
Event: 1119.049 {heap Before GC invocations=220 (full 0):
 garbage-first heap   total reserved 6266880K, committed 1519616K, used 1507646K [0x0000000681800000, 0x0000000800000000)
  region size 4096K, 179 young (733184K), 6 survivors (24576K)
}
Event: 1119.060 {heap After GC invocations=221 (full 0):
 garbage-first heap   total reserved 6266880K, committed 1552384K, used 347480K [0x0000000681800000, 0x0000000800000000)
  region size 4096K, 7 young (28672K), 7 survivors (28672K)
}
Event: 1119.061 {heap Before GC invocations=221 (full 0):
 garbage-first heap   total reserved 6266880K, committed 1552384K, used 347480K [0x0000000681800000, 0x0000000800000000)
  region size 4096K, 8 young (32768K), 7 survivors (28672K)
}
Event: 1119.068 {heap After GC invocations=222 (full 0):
 garbage-first heap   total reserved 6266880K, committed 1552384K, used 347948K [0x0000000681800000, 0x0000000800000000)
  region size 4096K, 7 young (28672K), 7 survivors (28672K)
}
Event: 1155.852 {heap Before GC invocations=223 (full 0):
 garbage-first heap   total reserved 6266880K, committed 1613824K, used 1605420K [0x0000000681800000, 0x0000000800000000)
  region size 4096K, 131 young (536576K), 7 survivors (28672K)
}
Event: 1155.859 {heap After GC invocations=224 (full 0):
 garbage-first heap   total reserved 6266880K, committed 1642496K, used 341163K [0x0000000681800000, 0x0000000800000000)
  region size 4096K, 6 young (24576K), 6 survivors (24576K)
}
Event: 1159.875 {heap Before GC invocations=224 (full 0):
 garbage-first heap   total reserved 6266880K, committed 1740800K, used 1725611K [0x0000000681800000, 0x0000000800000000)
  region size 4096K, 195 young (798720K), 6 survivors (24576K)
}
Event: 1159.884 {heap After GC invocations=225 (full 0):
 garbage-first heap   total reserved 6266880K, committed 1769472K, used 348699K [0x0000000681800000, 0x0000000800000000)
  region size 4096K, 7 young (28672K), 7 survivors (28672K)
}
Event: 1159.892 {heap Before GC invocations=225 (full 0):
 garbage-first heap   total reserved 6266880K, committed 1769472K, used 360987K [0x0000000681800000, 0x0000000800000000)
  region size 4096K, 11 young (45056K), 7 survivors (28672K)
}
Event: 1159.899 {heap After GC invocations=226 (full 0):
 garbage-first heap   total reserved 6266880K, committed 1769472K, used 340783K [0x0000000681800000, 0x0000000800000000)
  region size 4096K, 8 young (32768K), 8 survivors (32768K)
}
Event: 1330.647 {heap Before GC invocations=227 (full 0):
 garbage-first heap   total reserved 6266880K, committed 1232896K, used 1221423K [0x0000000681800000, 0x0000000800000000)
  region size 4096K, 126 young (516096K), 8 survivors (32768K)
}
Event: 1330.656 {heap After GC invocations=228 (full 0):
 garbage-first heap   total reserved 6266880K, committed 1269760K, used 352133K [0x0000000681800000, 0x0000000800000000)
  region size 4096K, 8 young (32768K), 8 survivors (32768K)
}
Event: 1512.811 {heap Before GC invocations=228 (full 0):
 garbage-first heap   total reserved 6266880K, committed 1359872K, used 1347461K [0x0000000681800000, 0x0000000800000000)
  region size 4096K, 138 young (565248K), 8 survivors (32768K)
}
Event: 1512.822 {heap After GC invocations=229 (full 0):
 garbage-first heap   total reserved 6266880K, committed 1392640K, used 342022K [0x0000000681800000, 0x0000000800000000)
  region size 4096K, 8 young (32768K), 8 survivors (32768K)
}
Event: 1512.927 {heap Before GC invocations=229 (full 0):
 garbage-first heap   total reserved 6266880K, committed 1392640K, used 350214K [0x0000000681800000, 0x0000000800000000)
  region size 4096K, 11 young (45056K), 8 survivors (32768K)
}
Event: 1512.933 {heap After GC invocations=230 (full 0):
 garbage-first heap   total reserved 6266880K, committed 1392640K, used 339472K [0x0000000681800000, 0x0000000800000000)
  region size 4096K, 7 young (28672K), 7 survivors (28672K)
}
Event: 1903.522 {heap Before GC invocations=231 (full 0):
 garbage-first heap   total reserved 6266880K, committed 1449984K, used 1441296K [0x0000000681800000, 0x0000000800000000)
  region size 4096K, 131 young (536576K), 7 survivors (28672K)
}
Event: 1903.532 {heap After GC invocations=232 (full 0):
 garbage-first heap   total reserved 6266880K, committed 1490944K, used 347204K [0x0000000681800000, 0x0000000800000000)
  region size 4096K, 8 young (32768K), 8 survivors (32768K)
}
Event: 1933.510 {heap Before GC invocations=232 (full 0):
 garbage-first heap   total reserved 6266880K, committed 1597440K, used 1584196K [0x0000000681800000, 0x0000000800000000)
  region size 4096K, 129 young (528384K), 8 survivors (32768K)
}

Metaspace Usage History (20 events):
Event: 1105.757 {metaspace After GC invocations=220 (full 0):
 Metaspace       used 92983K, committed 94656K, reserved 1179648K
  class space    used 7988K, committed 8768K, reserved 1048576K
}
Event: 1119.049 {metaspace Before GC invocations=220 (full 0):
 Metaspace       used 93090K, committed 94784K, reserved 1179648K
  class space    used 7988K, committed 8768K, reserved 1048576K
}
Event: 1119.060 {metaspace After GC invocations=221 (full 0):
 Metaspace       used 93090K, committed 94784K, reserved 1179648K
  class space    used 7988K, committed 8768K, reserved 1048576K
}
Event: 1119.061 {metaspace Before GC invocations=221 (full 0):
 Metaspace       used 93090K, committed 94784K, reserved 1179648K
  class space    used 7988K, committed 8768K, reserved 1048576K
}
Event: 1119.068 {metaspace After GC invocations=222 (full 0):
 Metaspace       used 93090K, committed 94784K, reserved 1179648K
  class space    used 7988K, committed 8768K, reserved 1048576K
}
Event: 1155.852 {metaspace Before GC invocations=223 (full 0):
 Metaspace       used 93100K, committed 94784K, reserved 1179648K
  class space    used 7988K, committed 8768K, reserved 1048576K
}
Event: 1155.859 {metaspace After GC invocations=224 (full 0):
 Metaspace       used 93100K, committed 94784K, reserved 1179648K
  class space    used 7988K, committed 8768K, reserved 1048576K
}
Event: 1159.875 {metaspace Before GC invocations=224 (full 0):
 Metaspace       used 93151K, committed 94848K, reserved 1179648K
  class space    used 7989K, committed 8768K, reserved 1048576K
}
Event: 1159.884 {metaspace After GC invocations=225 (full 0):
 Metaspace       used 93151K, committed 94848K, reserved 1179648K
  class space    used 7989K, committed 8768K, reserved 1048576K
}
Event: 1159.892 {metaspace Before GC invocations=225 (full 0):
 Metaspace       used 93151K, committed 94848K, reserved 1179648K
  class space    used 7989K, committed 8768K, reserved 1048576K
}
Event: 1159.899 {metaspace After GC invocations=226 (full 0):
 Metaspace       used 93151K, committed 94848K, reserved 1179648K
  class space    used 7989K, committed 8768K, reserved 1048576K
}
Event: 1330.647 {metaspace Before GC invocations=227 (full 0):
 Metaspace       used 93154K, committed 94848K, reserved 1179648K
  class space    used 7989K, committed 8768K, reserved 1048576K
}
Event: 1330.656 {metaspace After GC invocations=228 (full 0):
 Metaspace       used 93154K, committed 94848K, reserved 1179648K
  class space    used 7989K, committed 8768K, reserved 1048576K
}
Event: 1512.811 {metaspace Before GC invocations=228 (full 0):
 Metaspace       used 93195K, committed 94912K, reserved 1179648K
  class space    used 7990K, committed 8768K, reserved 1048576K
}
Event: 1512.822 {metaspace After GC invocations=229 (full 0):
 Metaspace       used 93195K, committed 94912K, reserved 1179648K
  class space    used 7990K, committed 8768K, reserved 1048576K
}
Event: 1512.927 {metaspace Before GC invocations=229 (full 0):
 Metaspace       used 93195K, committed 94912K, reserved 1179648K
  class space    used 7990K, committed 8768K, reserved 1048576K
}
Event: 1512.933 {metaspace After GC invocations=230 (full 0):
 Metaspace       used 93195K, committed 94912K, reserved 1179648K
  class space    used 7990K, committed 8768K, reserved 1048576K
}
Event: 1903.522 {metaspace Before GC invocations=231 (full 0):
 Metaspace       used 93249K, committed 94976K, reserved 1179648K
  class space    used 7990K, committed 8768K, reserved 1048576K
}
Event: 1903.532 {metaspace After GC invocations=232 (full 0):
 Metaspace       used 93249K, committed 94976K, reserved 1179648K
  class space    used 7990K, committed 8768K, reserved 1048576K
}
Event: 1933.510 {metaspace Before GC invocations=232 (full 0):
 Metaspace       used 93254K, committed 94976K, reserved 1179648K
  class space    used 7990K, committed 8768K, reserved 1048576K
}

Dll operation events (14 events):
Event: 0.012 Loaded shared library C:\Program Files\Java\jdk-25\bin\java.dll
Event: 0.091 Loaded shared library C:\Program Files\Java\jdk-25\bin\zip.dll
Event: 0.096 Loaded shared library C:\Program Files\Java\jdk-25\bin\instrument.dll
Event: 0.100 Loaded shared library C:\Program Files\Java\jdk-25\bin\net.dll
Event: 0.103 Loaded shared library C:\Program Files\Java\jdk-25\bin\nio.dll
Event: 0.106 Loaded shared library C:\Program Files\Java\jdk-25\bin\zip.dll
Event: 0.130 Loaded shared library C:\Program Files\Java\jdk-25\bin\jimage.dll
Event: 0.244 Loaded shared library C:\Program Files\Java\jdk-25\bin\verify.dll
Event: 1.414 Loaded shared library C:\Users\sergo\AppData\Roaming\Code\User\globalStorage\redhat.java\1.53.0\config_win\org.eclipse.equinox.launcher\org.eclipse.equinox.launcher.win32.win32.x86_64_1.3.0.v20260203-2149\eclipse_11919.dll
Event: 2.462 Loaded shared library C:\Program Files\Java\jdk-25\bin\management.dll
Event: 2.465 Loaded shared library C:\Program Files\Java\jdk-25\bin\management_ext.dll
Event: 3.731 Loaded shared library C:\Users\sergo\AppData\Local\Temp\jna-109326664\jna12768810609881186908.dll
Event: 3.933 Loaded shared library C:\Program Files\Java\jdk-25\bin\sunmscapi.dll
Event: 3.997 Loaded shared library C:\Program Files\Java\jdk-25\bin\extnet.dll

Deoptimization events (20 events):
Event: 1513.119 Thread 0x0000020fef938410 DEOPT PACKING pc=0x0000020fd61649a0 sp=0x0000002679cfe380
Event: 1513.119 Thread 0x0000020fef938410 DEOPT UNPACKING pc=0x0000020fd4c91702 sp=0x0000002679cfe280 mode 2
Event: 1515.516 Thread 0x0000020fef57a2e0 DEOPT PACKING pc=0x0000020fce5cb977 sp=0x000000267a7fe6e0
Event: 1515.516 Thread 0x0000020fef57a2e0 DEOPT UNPACKING pc=0x0000020fd4bc1702 sp=0x000000267a7fe048 mode 0
Event: 1515.578 Thread 0x0000020fef57a2e0 Uncommon trap: trap_request=0xffffffbe fr.pc=0x0000020fd624e86c relative=0x000000000000066c
Event: 1515.578 Thread 0x0000020fef57a2e0 Uncommon trap: reason=profile_predicate action=maybe_recompile pc=0x0000020fd624e86c method=org.eclipse.jdt.internal.compiler.lookup.SourceTypeBinding.getExactConstructor([Lorg/eclipse/jdt/internal/compiler/lookup/TypeBinding;)Lorg/eclipse/jdt/internal/co
Event: 1515.578 Thread 0x0000020fef57a2e0 DEOPT PACKING pc=0x0000020fd624e86c sp=0x000000267a7febc0
Event: 1515.578 Thread 0x0000020fef57a2e0 DEOPT UNPACKING pc=0x0000020fd4c91702 sp=0x000000267a7feb38 mode 2
Event: 1902.331 Thread 0x0000020feeb5aeb0 Uncommon trap: trap_request=0xffffff45 fr.pc=0x0000020fd6045d70 relative=0x0000000000003a70
Event: 1902.331 Thread 0x0000020feeb5aeb0 Uncommon trap: reason=unstable_if action=reinterpret pc=0x0000020fd6045d70 method=lombok.core.configuration.FileSystemSourceCache.cacheClear()V @ 16 c2
Event: 1902.331 Thread 0x0000020feeb5aeb0 DEOPT PACKING pc=0x0000020fd6045d70 sp=0x0000002679ffe130
Event: 1902.331 Thread 0x0000020feeb5aeb0 DEOPT UNPACKING pc=0x0000020fd4c91702 sp=0x0000002679ffdf50 mode 2
Event: 1902.834 Thread 0x0000020feeb5c620 DEOPT PACKING pc=0x0000020fce5cb977 sp=0x000000267acfe200
Event: 1902.834 Thread 0x0000020feeb5c620 DEOPT UNPACKING pc=0x0000020fd4bc1702 sp=0x000000267acfdb68 mode 0
Event: 1917.322 Thread 0x0000020feeb5c620 DEOPT PACKING pc=0x0000020fce5cb977 sp=0x000000267acfe200
Event: 1917.322 Thread 0x0000020feeb5c620 DEOPT UNPACKING pc=0x0000020fd4bc1702 sp=0x000000267acfdb68 mode 0
Event: 1928.147 Thread 0x0000020feeb5c620 DEOPT PACKING pc=0x0000020fce5cb977 sp=0x000000267acfe200
Event: 1928.147 Thread 0x0000020feeb5c620 DEOPT UNPACKING pc=0x0000020fd4bc1702 sp=0x000000267acfdb68 mode 0
Event: 1930.469 Thread 0x0000020fe848d7d0 DEOPT PACKING pc=0x0000020fce5cb977 sp=0x000000267b6fde70
Event: 1930.470 Thread 0x0000020fe848d7d0 DEOPT UNPACKING pc=0x0000020fd4bc1702 sp=0x000000267b6fd7d8 mode 0

Classes loaded (20 events):
Event: 391.646 Loading class java/nio/channels/CompletionHandler
Event: 391.647 Loading class java/nio/channels/CompletionHandler done
Event: 405.361 Loading class java/util/stream/ReferencePipeline$15
Event: 405.361 Loading class java/util/stream/ReferencePipeline$15 done
Event: 405.362 Loading class java/util/stream/ReferencePipeline$15$1
Event: 405.362 Loading class java/util/stream/ReferencePipeline$15$1 done
Event: 446.362 Loading class java/util/stream/DoubleStream
Event: 446.362 Loading class java/util/stream/DoubleStream done
Event: 446.362 Loading class java/util/stream/Gatherer
Event: 446.362 Loading class java/util/stream/Gatherer done
Event: 757.855 Loading class java/util/Collections$EmptyListIterator
Event: 757.855 Loading class java/util/Collections$EmptyListIterator done
Event: 878.895 Loading class java/lang/Throwable$WrappedPrintWriter
Event: 878.895 Loading class java/lang/Throwable$PrintStreamOrWriter
Event: 878.895 Loading class java/lang/Throwable$PrintStreamOrWriter done
Event: 878.895 Loading class java/lang/Throwable$WrappedPrintWriter done
Event: 1102.026 Loading class java/util/DualPivotQuicksort$Sorter
Event: 1102.026 Loading class java/util/DualPivotQuicksort$Sorter done
Event: 1330.705 Loading class java/util/function/IntSupplier
Event: 1330.705 Loading class java/util/function/IntSupplier done

Classes unloaded (7 events):
Event: 3.983 Thread 0x0000020fe76818a0 Unloading class 0x0000000082182800 'java/lang/invoke/LambdaForm$MH+0x0000000082182800'
Event: 3.983 Thread 0x0000020fe76818a0 Unloading class 0x0000000082182400 'java/lang/invoke/LambdaForm$MH+0x0000000082182400'
Event: 3.983 Thread 0x0000020fe76818a0 Unloading class 0x0000000082182000 'java/lang/invoke/LambdaForm$MH+0x0000000082182000'
Event: 3.983 Thread 0x0000020fe76818a0 Unloading class 0x0000000082181c00 'java/lang/invoke/LambdaForm$MH+0x0000000082181c00'
Event: 3.983 Thread 0x0000020fe76818a0 Unloading class 0x0000000082181800 'java/lang/invoke/LambdaForm$BMH+0x0000000082181800'
Event: 3.983 Thread 0x0000020fe76818a0 Unloading class 0x0000000082181400 'java/lang/invoke/LambdaForm$DMH+0x0000000082181400'
Event: 3.983 Thread 0x0000020fe76818a0 Unloading class 0x000000008213bc00 'java/lang/invoke/LambdaForm$DMH+0x000000008213bc00'

Classes redefined (0 events):
No events

Internal exceptions (20 events):
Event: 1070.930 Thread 0x0000020fef932e20 Implicit null exception at 0x0000020fd6240ee9 to 0x0000020fd624146c
Event: 1071.418 Thread 0x0000020fef574520 Implicit null exception at 0x0000020fd632ace1 to 0x0000020fd632b170
Event: 1092.136 Thread 0x0000020fee183060 Exception <a 'sun/nio/fs/WindowsException'{0x00000006c0766030}> (0x00000006c0766030) 
thrown [s\open\src\hotspot\share\prims\jni.cpp, line 516]
Event: 1092.304 Thread 0x0000020fee183060 Exception <a 'sun/nio/fs/WindowsException'{0x00000006bdb9a238}> (0x00000006bdb9a238) 
thrown [s\open\src\hotspot\share\prims\jni.cpp, line 516]
Event: 1101.605 Thread 0x0000020feeb5aeb0 Implicit null exception at 0x0000020fd641a234 to 0x0000020fd641c194
Event: 1332.533 Thread 0x0000020feeb5c620 Exception <a 'sun/nio/fs/WindowsException'{0x00000006bc0c8e28}> (0x00000006bc0c8e28) 
thrown [s\open\src\hotspot\share\prims\jni.cpp, line 516]
Event: 1332.533 Thread 0x0000020feeb5c620 Exception <a 'sun/nio/fs/WindowsException'{0x00000006bc0c96f0}> (0x00000006bc0c96f0) 
thrown [s\open\src\hotspot\share\prims\jni.cpp, line 516]
Event: 1515.326 Thread 0x0000020fee183060 Exception <a 'sun/nio/fs/WindowsException'{0x00000006be29eac8}> (0x00000006be29eac8) 
thrown [s\open\src\hotspot\share\prims\jni.cpp, line 516]
Event: 1515.482 Thread 0x0000020fee183060 Exception <a 'sun/nio/fs/WindowsException'{0x00000006bb1a7fa8}> (0x00000006bb1a7fa8) 
thrown [s\open\src\hotspot\share\prims\jni.cpp, line 516]
Event: 1529.359 Thread 0x0000020feeb5f500 Exception <a 'java/io/IOException'{0x00000006b521c338}> (0x00000006b521c338) 
thrown [s\open\src\hotspot\share\prims\jni.cpp, line 516]
Event: 1529.361 Thread 0x0000020feeb5f500 Exception <a 'java/io/IOException'{0x00000006b522ddb0}> (0x00000006b522ddb0) 
thrown [s\open\src\hotspot\share\prims\jni.cpp, line 516]
Event: 1529.362 Thread 0x0000020feeb5f500 Exception <a 'java/io/IOException'{0x00000006b523ed00}> (0x00000006b523ed00) 
thrown [s\open\src\hotspot\share\prims\jni.cpp, line 516]
Event: 1529.379 Thread 0x0000020feeb5f500 Exception <a 'java/io/IOException'{0x00000006b538c618}> (0x00000006b538c618) 
thrown [s\open\src\hotspot\share\prims\jni.cpp, line 516]
Event: 1529.380 Thread 0x0000020feeb5f500 Exception <a 'java/io/IOException'{0x00000006b539e438}> (0x00000006b539e438) 
thrown [s\open\src\hotspot\share\prims\jni.cpp, line 516]
Event: 1529.382 Thread 0x0000020feeb5f500 Exception <a 'java/io/IOException'{0x00000006b53af5f8}> (0x00000006b53af5f8) 
thrown [s\open\src\hotspot\share\prims\jni.cpp, line 516]
Event: 1547.347 Thread 0x0000020feeb5f500 Exception <a 'java/io/IOException'{0x00000006b46746b0}> (0x00000006b46746b0) 
thrown [s\open\src\hotspot\share\prims\jni.cpp, line 516]
Event: 1547.349 Thread 0x0000020feeb5f500 Exception <a 'java/io/IOException'{0x00000006b4682410}> (0x00000006b4682410) 
thrown [s\open\src\hotspot\share\prims\jni.cpp, line 516]
Event: 1547.350 Thread 0x0000020feeb5f500 Exception <a 'java/io/IOException'{0x00000006b468f6d8}> (0x00000006b468f6d8) 
thrown [s\open\src\hotspot\share\prims\jni.cpp, line 516]
Event: 1815.325 Thread 0x0000020fe848d7d0 Exception <a 'sun/nio/fs/WindowsException'{0x00000006b4823c00}> (0x00000006b4823c00) 
thrown [s\open\src\hotspot\share\prims\jni.cpp, line 516]
Event: 1815.325 Thread 0x0000020fe848d7d0 Exception <a 'sun/nio/fs/WindowsException'{0x00000006b48244c8}> (0x00000006b48244c8) 
thrown [s\open\src\hotspot\share\prims\jni.cpp, line 516]

VM Operations (20 events):
Event: 1513.041 Executing safepoint VM operation: G1PauseCleanup done
Event: 1562.615 Executing non-safepoint VM operation: HandshakeAllThreads (HandshakeForDeflation)
Event: 1562.615 Executing non-safepoint VM operation: HandshakeAllThreads (HandshakeForDeflation) done
Event: 1562.615 Executing non-safepoint VM operation: RendezvousGCThreads
Event: 1562.615 Executing non-safepoint VM operation: RendezvousGCThreads done
Event: 1622.762 Executing non-safepoint VM operation: HandshakeAllThreads (HandshakeForDeflation)
Event: 1622.762 Executing non-safepoint VM operation: HandshakeAllThreads (HandshakeForDeflation) done
Event: 1622.762 Executing non-safepoint VM operation: RendezvousGCThreads
Event: 1622.762 Executing non-safepoint VM operation: RendezvousGCThreads done
Event: 1863.240 Executing non-safepoint VM operation: HandshakeAllThreads (HandshakeForDeflation)
Event: 1863.240 Executing non-safepoint VM operation: HandshakeAllThreads (HandshakeForDeflation) done
Event: 1863.240 Executing non-safepoint VM operation: RendezvousGCThreads
Event: 1863.240 Executing non-safepoint VM operation: RendezvousGCThreads done
Event: 1903.522 Executing safepoint VM operation: G1CollectForAllocation (G1 Evacuation Pause)
Event: 1903.532 Executing safepoint VM operation: G1CollectForAllocation (G1 Evacuation Pause) done
Event: 1923.342 Executing non-safepoint VM operation: HandshakeAllThreads (HandshakeForDeflation)
Event: 1923.342 Executing non-safepoint VM operation: HandshakeAllThreads (HandshakeForDeflation) done
Event: 1923.342 Executing non-safepoint VM operation: RendezvousGCThreads
Event: 1923.342 Executing non-safepoint VM operation: RendezvousGCThreads done
Event: 1933.510 Executing safepoint VM operation: G1CollectForAllocation (G1 Evacuation Pause)

Memory protections (0 events):
No events

Nmethod flushes (20 events):
Event: 1513.016 Thread 0x0000020fe76818a0 flushing  nmethod 0x0000020fcdf78288
Event: 1513.016 Thread 0x0000020fe76818a0 flushing  nmethod 0x0000020fce0fe088
Event: 1513.016 Thread 0x0000020fe76818a0 flushing  nmethod 0x0000020fce2feb88
Event: 1513.016 Thread 0x0000020fe76818a0 flushing  nmethod 0x0000020fce2ff088
Event: 1513.016 Thread 0x0000020fe76818a0 flushing  nmethod 0x0000020fce305308
Event: 1513.016 Thread 0x0000020fe76818a0 flushing  nmethod 0x0000020fce3c6b08
Event: 1513.016 Thread 0x0000020fe76818a0 flushing  nmethod 0x0000020fce3c6e08
Event: 1513.016 Thread 0x0000020fe76818a0 flushing  nmethod 0x0000020fce3cf808
Event: 1513.016 Thread 0x0000020fe76818a0 flushing  nmethod 0x0000020fce3cff88
Event: 1513.016 Thread 0x0000020fe76818a0 flushing  nmethod 0x0000020fce3d1f08
Event: 1513.016 Thread 0x0000020fe76818a0 flushing  nmethod 0x0000020fce3d2288
Event: 1513.016 Thread 0x0000020fe76818a0 flushing  nmethod 0x0000020fce6d7608
Event: 1513.016 Thread 0x0000020fe76818a0 flushing  nmethod 0x0000020fce841a88
Event: 1513.016 Thread 0x0000020fe76818a0 flushing  nmethod 0x0000020fce842308
Event: 1513.016 Thread 0x0000020fe76818a0 flushing  nmethod 0x0000020fce9c3b88
Event: 1513.016 Thread 0x0000020fe76818a0 flushing  nmethod 0x0000020fceaefa88
Event: 1513.016 Thread 0x0000020fe76818a0 flushing  nmethod 0x0000020fceca9d88
Event: 1513.016 Thread 0x0000020fe76818a0 flushing  nmethod 0x0000020fcecaa488
Event: 1513.016 Thread 0x0000020fe76818a0 flushing  nmethod 0x0000020fcecadf88
Event: 1513.016 Thread 0x0000020fe76818a0 flushing  nmethod 0x0000020fcee0d208

Events (20 events):
Event: 1815.325 Thread 0x0000020fe848d7d0 Thread added: 0x0000020fefb03610
Event: 1815.326 Thread 0x0000020fefb03610 Thread added: 0x0000020fefb02670
Event: 1815.326 Thread 0x0000020fefb03610 Thread added: 0x0000020fefb04d80
Event: 1815.326 Thread 0x0000020fefb04d80 Thread exited: 0x0000020fefb04d80
Event: 1815.326 Thread 0x0000020fefb02670 Thread exited: 0x0000020fefb02670
Event: 1815.326 Thread 0x0000020fefb03610 Thread exited: 0x0000020fefb03610
Event: 1815.447 Thread 0x0000020fef56b0b0 Thread exited: 0x0000020fef56b0b0
Event: 1815.489 Thread 0x0000020fef574520 Thread exited: 0x0000020fef574520
Event: 1815.518 Thread 0x0000020fef57d1c0 Thread exited: 0x0000020fef57d1c0
Event: 1815.518 Thread 0x0000020fef575c90 Thread exited: 0x0000020fef575c90
Event: 1815.520 Thread 0x0000020fef574cf0 Thread exited: 0x0000020fef574cf0
Event: 1815.542 Thread 0x0000020fef57f100 Thread exited: 0x0000020fef57f100
Event: 1815.543 Thread 0x0000020fef57e930 Thread exited: 0x0000020fef57e930
Event: 1815.575 Thread 0x0000020fefafc8b0 Thread exited: 0x0000020fefafc8b0
Event: 1815.575 Thread 0x0000020fefb03de0 Thread exited: 0x0000020fefb03de0
Event: 1820.519 Thread 0x0000020fe8b57c30 Thread exited: 0x0000020fe8b57c30
Event: 1820.519 Thread 0x0000020fed207c20 Thread exited: 0x0000020fed207c20
Event: 1902.354 Thread 0x0000020feeb5aeb0 Thread added: 0x0000020fefb03610
Event: 1902.354 Thread 0x0000020fefb03610 Thread added: 0x0000020fefb03de0
Event: 1902.354 Thread 0x0000020fefb03de0 Thread added: 0x0000020fefafd080


Dynamic libraries:
0x00007ff7c4420000 - 0x00007ff7c4430000 	C:\Program Files\Java\jdk-25\bin\java.exe
0x00007ffb81dd0000 - 0x00007ffb81fc8000 	C:\WINDOWS\SYSTEM32\ntdll.dll
0x00007ffb7fdf0000 - 0x00007ffb7feb2000 	C:\WINDOWS\System32\KERNEL32.DLL
0x00007ffb7f460000 - 0x00007ffb7f756000 	C:\WINDOWS\System32\KERNELBASE.dll
0x00007ffb7faa0000 - 0x00007ffb7fba0000 	C:\WINDOWS\System32\ucrtbase.dll
0x00007ffb65d00000 - 0x00007ffb65d1e000 	C:\Program Files\Java\jdk-25\bin\VCRUNTIME140.dll
0x00007ffb64760000 - 0x00007ffb64777000 	C:\Program Files\Java\jdk-25\bin\jli.dll
0x00007ffb80e60000 - 0x00007ffb81001000 	C:\WINDOWS\System32\USER32.dll
0x00007ffb7fa70000 - 0x00007ffb7fa92000 	C:\WINDOWS\System32\win32u.dll
0x00007ffb70570000 - 0x00007ffb7080b000 	C:\WINDOWS\WinSxS\amd64_microsoft.windows.common-controls_6595b64144ccf1df_6.0.19041.6456_none_60b8a6cb71f64256\COMCTL32.dll
0x00007ffb81630000 - 0x00007ffb8165b000 	C:\WINDOWS\System32\GDI32.dll
0x00007ffb810c0000 - 0x00007ffb8115e000 	C:\WINDOWS\System32\msvcrt.dll
0x00007ffb7fc20000 - 0x00007ffb7fd39000 	C:\WINDOWS\System32\gdi32full.dll
0x00007ffb7f7f0000 - 0x00007ffb7f88d000 	C:\WINDOWS\System32\msvcp_win.dll
0x00007ffb81920000 - 0x00007ffb8194f000 	C:\WINDOWS\System32\IMM32.DLL
0x00007ffb6f060000 - 0x00007ffb6f06c000 	C:\Program Files\Java\jdk-25\bin\vcruntime140_1.dll
0x00007ffb5abd0000 - 0x00007ffb5ac5d000 	C:\Program Files\Java\jdk-25\bin\msvcp140.dll
0x00007ffae8920000 - 0x00007ffae977f000 	C:\Program Files\Java\jdk-25\bin\server\jvm.dll
0x00007ffb80560000 - 0x00007ffb80611000 	C:\WINDOWS\System32\ADVAPI32.dll
0x00007ffb816d0000 - 0x00007ffb8176f000 	C:\WINDOWS\System32\sechost.dll
0x00007ffb819e0000 - 0x00007ffb81b00000 	C:\WINDOWS\System32\RPCRT4.dll
0x00007ffb7f8e0000 - 0x00007ffb7f907000 	C:\WINDOWS\System32\bcrypt.dll
0x00007ffb81660000 - 0x00007ffb816cb000 	C:\WINDOWS\System32\WS2_32.dll
0x00007ffb7e9a0000 - 0x00007ffb7e9eb000 	C:\WINDOWS\SYSTEM32\POWRPROF.dll
0x00007ffb770e0000 - 0x00007ffb77107000 	C:\WINDOWS\SYSTEM32\WINMM.dll
0x00007ffb77110000 - 0x00007ffb7711a000 	C:\WINDOWS\SYSTEM32\VERSION.dll
0x00007ffb7e860000 - 0x00007ffb7e872000 	C:\WINDOWS\SYSTEM32\UMPDC.dll
0x00007ffb7d2f0000 - 0x00007ffb7d302000 	C:\WINDOWS\SYSTEM32\kernel.appcore.dll
0x00007ffb648f0000 - 0x00007ffb648fa000 	C:\Program Files\Java\jdk-25\bin\jimage.dll
0x00007ffb79230000 - 0x00007ffb79431000 	C:\WINDOWS\SYSTEM32\DBGHELP.DLL
0x00007ffb5e2f0000 - 0x00007ffb5e324000 	C:\WINDOWS\SYSTEM32\dbgcore.DLL
0x00007ffb7f760000 - 0x00007ffb7f7e2000 	C:\WINDOWS\System32\bcryptPrimitives.dll
0x00007ffb641f0000 - 0x00007ffb64200000 	C:\Program Files\Java\jdk-25\bin\instrument.dll
0x00007ffb63f30000 - 0x00007ffb63f4f000 	C:\Program Files\Java\jdk-25\bin\java.dll
0x00007ffb81b00000 - 0x00007ffb81c2b000 	C:\WINDOWS\System32\ole32.dll
0x00007ffb7ff90000 - 0x00007ffb802e4000 	C:\WINDOWS\System32\combase.dll
0x00007ffb806f0000 - 0x00007ffb80e60000 	C:\WINDOWS\System32\SHELL32.dll
0x00007ffb7d4f0000 - 0x00007ffb7dc95000 	C:\WINDOWS\SYSTEM32\windows.storage.dll
0x00007ffb7ee90000 - 0x00007ffb7eebb000 	C:\WINDOWS\SYSTEM32\Wldp.dll
0x00007ffb7fec0000 - 0x00007ffb7ff8d000 	C:\WINDOWS\System32\OLEAUT32.dll
0x00007ffb804b0000 - 0x00007ffb8055d000 	C:\WINDOWS\System32\SHCORE.dll
0x00007ffb81950000 - 0x00007ffb819ab000 	C:\WINDOWS\System32\shlwapi.dll
0x00007ffb7f390000 - 0x00007ffb7f3b4000 	C:\WINDOWS\SYSTEM32\profapi.dll
0x00007ffb63330000 - 0x00007ffb63347000 	C:\Program Files\Java\jdk-25\bin\zip.dll
0x00007ffb63310000 - 0x00007ffb63322000 	C:\Program Files\Java\jdk-25\bin\net.dll
0x00007ffb7ebf0000 - 0x00007ffb7ec5a000 	C:\WINDOWS\system32\mswsock.dll
0x00007ffb632c0000 - 0x00007ffb632d6000 	C:\Program Files\Java\jdk-25\bin\nio.dll
0x00007ffb63c60000 - 0x00007ffb63c70000 	C:\Program Files\Java\jdk-25\bin\verify.dll
0x00007ffb5a610000 - 0x00007ffb5a655000 	C:\Users\sergo\AppData\Roaming\Code\User\globalStorage\redhat.java\1.53.0\config_win\org.eclipse.equinox.launcher\org.eclipse.equinox.launcher.win32.win32.x86_64_1.3.0.v20260203-2149\eclipse_11919.dll
0x00007ffb73670000 - 0x00007ffb7367a000 	C:\Program Files\Java\jdk-25\bin\management.dll
0x00007ffb73660000 - 0x00007ffb7366c000 	C:\Program Files\Java\jdk-25\bin\management_ext.dll
0x00007ffb819b0000 - 0x00007ffb819b8000 	C:\WINDOWS\System32\PSAPI.DLL
0x00007ffb7ede0000 - 0x00007ffb7edf8000 	C:\WINDOWS\SYSTEM32\CRYPTSP.dll
0x00007ffb7e4a0000 - 0x00007ffb7e4d8000 	C:\WINDOWS\system32\rsaenh.dll
0x00007ffb7f350000 - 0x00007ffb7f37e000 	C:\WINDOWS\SYSTEM32\USERENV.dll
0x00007ffb7ee00000 - 0x00007ffb7ee0c000 	C:\WINDOWS\SYSTEM32\CRYPTBASE.dll
0x00007ffb7e880000 - 0x00007ffb7e8bb000 	C:\WINDOWS\SYSTEM32\IPHLPAPI.DLL
0x00007ffb806e0000 - 0x00007ffb806e8000 	C:\WINDOWS\System32\NSI.dll
0x00007ffb63650000 - 0x00007ffb63699000 	C:\Users\sergo\AppData\Local\Temp\jna-109326664\jna12768810609881186908.dll
0x00007ffb7b380000 - 0x00007ffb7b48a000 	C:\WINDOWS\SYSTEM32\winhttp.dll
0x00007ffb79f30000 - 0x00007ffb79f47000 	C:\WINDOWS\SYSTEM32\dhcpcsvc6.DLL
0x00007ffb79f10000 - 0x00007ffb79f2d000 	C:\WINDOWS\SYSTEM32\dhcpcsvc.DLL
0x00007ffb7c990000 - 0x00007ffb7c99e000 	C:\Program Files\Java\jdk-25\bin\sunmscapi.dll
0x00007ffb7f910000 - 0x00007ffb7fa6d000 	C:\WINDOWS\System32\CRYPT32.dll
0x00007ffb7ef00000 - 0x00007ffb7ef27000 	C:\WINDOWS\SYSTEM32\ncrypt.dll
0x00007ffb7eec0000 - 0x00007ffb7eefb000 	C:\WINDOWS\SYSTEM32\NTASN1.dll
0x00007ffb7e8d0000 - 0x00007ffb7e99a000 	C:\WINDOWS\SYSTEM32\DNSAPI.dll
0x00007ffb78a20000 - 0x00007ffb78a2a000 	C:\Windows\System32\rasadhlp.dll
0x00007ffb788b0000 - 0x00007ffb78930000 	C:\WINDOWS\System32\fwpuclnt.dll
0x00007ffb628f0000 - 0x00007ffb628f9000 	C:\Program Files\Java\jdk-25\bin\extnet.dll

JVMTI agents:
c:\Users\sergo\.vscode\extensions\redhat.java-1.53.0-win32-x64\lombok\lombok-1.18.39-4050.jar path:C:\Program Files\Java\jdk-25\bin\instrument.dll, loaded, initialized, instrumentlib options:none

dbghelp: loaded successfully - version: 4.0.5 - missing functions: none
symbol engine: initialized successfully - sym options: 0x614 - pdb path: .;C:\Program Files\Java\jdk-25\bin;C:\WINDOWS\SYSTEM32;C:\WINDOWS\WinSxS\amd64_microsoft.windows.common-controls_6595b64144ccf1df_6.0.19041.6456_none_60b8a6cb71f64256;C:\Program Files\Java\jdk-25\bin\server;C:\Users\sergo\AppData\Roaming\Code\User\globalStorage\redhat.java\1.53.0\config_win\org.eclipse.equinox.launcher\org.eclipse.equinox.launcher.win32.win32.x86_64_1.3.0.v20260203-2149;C:\Users\sergo\AppData\Local\Temp\jna-109326664

VM Arguments:
jvm_args: -Djdk.xml.maxGeneralEntitySizeLimit=0 -Djdk.xml.totalEntitySizeLimit=0 --add-modules=ALL-SYSTEM --add-opens=java.base/java.util=ALL-UNNAMED --add-opens=java.base/java.lang=ALL-UNNAMED --add-opens=java.base/sun.nio.fs=ALL-UNNAMED -Declipse.application=org.eclipse.jdt.ls.core.id1 -Dosgi.bundles.defaultStartLevel=4 -Declipse.product=org.eclipse.jdt.ls.core.product -Djava.import.generatesMetadataFilesAtProjectRoot=false -DDetectVMInstallationsJob.disabled=true -Dfile.encoding=utf8 -Xlog:disable -javaagent:c:\Users\sergo\.vscode\extensions\redhat.java-1.53.0-win32-x64\lombok\lombok-1.18.39-4050.jar -XX:+HeapDumpOnOutOfMemoryError -XX:HeapDumpPath=c:\Users\sergo\AppData\Roaming\Code\User\workspaceStorage\db49f89d07d1c5c395ac5ca1974daf77\redhat.java -Daether.dependencyCollector.impl=bf 
java_command: c:\Users\sergo\.vscode\extensions\redhat.java-1.53.0-win32-x64\server\plugins\org.eclipse.equinox.launcher_1.7.100.v20251111-0406.jar -configuration c:\Users\sergo\AppData\Roaming\Code\User\globalStorage\redhat.java\1.53.0\config_win -data c:\Users\sergo\AppData\Roaming\Code\User\workspaceStorage\db49f89d07d1c5c395ac5ca1974daf77\redhat.java\jdt_ws --pipe=\\.\pipe\lsp-0de796f205323dcd79fc79e01080adf3-sock
java_class_path (initial): c:\Users\sergo\.vscode\extensions\redhat.java-1.53.0-win32-x64\server\plugins\org.eclipse.equinox.launcher_1.7.100.v20251111-0406.jar
Launcher Type: SUN_STANDARD

[Global flags]
     intx CICompilerCount                          = 12                                        {product} {ergonomic}
     uint ConcGCThreads                            = 5                                         {product} {ergonomic}
     uint G1ConcRefinementThreads                  = 18                                        {product} {ergonomic}
   size_t G1HeapRegionSize                         = 4194304                                   {product} {ergonomic}
     bool HeapDumpOnOutOfMemoryError               = true                                   {manageable} {command line}
    ccstr HeapDumpPath                             = c:\Users\sergo\AppData\Roaming\Code\User\workspaceStorage\db49f89d07d1c5c395ac5ca1974daf77\redhat.java         {manageable} {command line}
   size_t InitialHeapSize                          = 402653184                                 {product} {ergonomic}
   size_t MarkStackSize                            = 4194304                                   {product} {ergonomic}
   size_t MarkStackSizeMax                         = 536870912                                 {product} {ergonomic}
   size_t MaxHeapSize                              = 6417285120                                {product} {ergonomic}
   size_t MaxNewSize                               = 3850371072                                {product} {ergonomic}
   size_t MinHeapDeltaBytes                        = 4194304                                   {product} {ergonomic}
   size_t MinHeapSize                              = 8388608                                   {product} {ergonomic}
    uintx NonNMethodCodeHeapSize                   = 7602176                                {pd product} {ergonomic}
    uintx NonProfiledCodeHeapSize                  = 122093568                              {pd product} {ergonomic}
    uintx ProfiledCodeHeapSize                     = 121962496                              {pd product} {ergonomic}
    uintx ReservedCodeCacheSize                    = 251658240                              {pd product} {ergonomic}
     bool SegmentedCodeCache                       = true                                      {product} {ergonomic}
   size_t SoftMaxHeapSize                          = 6417285120                             {manageable} {ergonomic}
     bool UseCompressedOops                        = true                           {product lp64_product} {ergonomic}
     bool UseG1GC                                  = true                                      {product} {ergonomic}
     bool UseLargePagesIndividualAllocation        = false                                  {pd product} {ergonomic}

Logging:
Log output configuration:
 #0: stdout all=off uptime,level,tags foldmultilines=false
 #1: stderr all=off uptime,level,tags foldmultilines=false

Release file:
IMPLEMENTOR="Oracle Corporation" 
JAVA_RUNTIME_VERSION="25.0.1+8-LTS-27" 
JAVA_VERSION="25.0.1" 
JAVA_VERSION_DATE="2025-10-21" 
LIBC="default" 
MODULES="java.base java.compiler java.datatransfer java.xml java.prefs java.desktop java.instrument java.logging java.management java.security.sasl java.naming java.rmi java.management.rmi java.net.http java.scripting java.security.jgss java.transaction.xa java.sql java.sql.rowset java.xml.crypto java.se java.smartcardio jdk.accessibility jdk.internal.jvmstat jdk.attach jdk.charsets jdk.internal.opt jdk.zipfs jdk.compiler jdk.crypto.cryptoki jdk.crypto.ec jdk.crypto.mscapi jdk.dynalink jdk.internal.ed jdk.editpad jdk.internal.vm.ci jdk.graal.compiler jdk.graal.compiler.management jdk.hotspot.agent jdk.httpserver jdk.incubator.vector jdk.internal.le jdk.internal.md jdk.jartool jdk.javadoc jdk.jcmd jdk.management jdk.management.agent jdk.jconsole jdk.jdeps jdk.jdwp.agent jdk.jdi jdk.jfr jdk.jlink jdk.jpackage jdk.jshell jdk.jsobject jdk.jstatd jdk.localedata jdk.management.jfr jdk.naming.dns jdk.naming.rmi jdk.net jdk.nio.mapmode jdk.sctp jdk.security.auth jdk.security.jgss jdk.unsupported jdk.unsupported.desktop jdk.xml.dom" 
OS_ARCH="x86_64" 
OS_NAME="Windows" 
SOURCE=".:git:862c85bc42b7 open:git:78770bfaefd2" 

Environment Variables:
JAVA_HOME=C:\Program Files\Java\jdk-25
PATH=C:\Program Files\Java\jdk-25\bin;C:\Program Files\Eclipse Adoptium\jdk-21.0.8.9-hotspot\bin;C:\Program Files\Common Files\Oracle\Java\javapath;C:\Program Files (x86)\Common Files\Oracle\Java\java8path;C:\Program Files (x86)\Common Files\Oracle\Java\javapath;C:\Program Files (x86)\NVIDIA Corporation\PhysX\Common;C:\ProgramData\Oracle\Java\javapath;C:\Windows\system32;C:\Windows;C:\Windows\System32\Wbem;C:\Windows\System32\WindowsPowerShell\v1.0\;C:\Windows\System32\OpenSSH\;C:\Program Files\dotnet\;C:\Program Files\PuTTY\;C:\Program Files (x86)\Heavyocity\Heavyocity Portal;C:\WINDOWS\system32;C:\WINDOWS;C:\WINDOWS\System32\Wbem;C:\WINDOWS\System32\WindowsPowerShell\v1.0\;C:\WINDOWS\System32\OpenSSH\;C:\Program Files\Git\cmd;C:\Program Files (x86)\ZeroTier\One\;C:\Program Files\Cloudflare\Cloudflare WARP\;C:\Users\sergo\AppData\Local\Programs\Python\Python313;C:\Users\sergo\.dotnet\tools;C:\Users\sergo\AppData\Local\Programs\Microsoft VS Code\bin;C:\Program Files\Java\jdk-21.0.7+6\bin;C:\Users\sergo\AppData\Loc;C:\Users\sergo\AppData\Local\Programs\Python\Python313;C:\Users\sergo\.dotnet\tools;C:\Users\sergo\AppData\Local\Programs\Microsoft VS Code\bin;C:\Program Files\Java\jdk-21.0.7+6\bin;C:\Users\sergo\AppData\Local\GitHubDesktop\bin
USERNAME=sergo
OS=Windows_NT
PROCESSOR_IDENTIFIER=Intel64 Family 6 Model 63 Stepping 2, GenuineIntel
TMP=C:\Users\sergo\AppData\Local\Temp
TEMP=C:\Users\sergo\AppData\Local\Temp




Compilation memory statistics disabled.

Periodic native trim disabled

---------------  S Y S T E M  ---------------

OS:
 Windows 10 , 64 bit Build 19041 (10.0.19041.5915)
OS uptime: 0 days 3:10 hours

CPU: total 24 (initial active 24) (12 cores per cpu, 2 threads per core) family 6 model 63 stepping 2 microcode 0x43, cx8, cmov, fxsr, ht, mmx, sse, sse2, sse3, ssse3, sse4.1, sse4.2, popcnt, lzcnt, tsc, tscinvbit, avx, avx2, aes, erms, clmul, bmi1, bmi2, fma, vzeroupper, clflush, rdtscp, f16c
Processor Information for the first 24 processors :
  Max Mhz: 2301, Current Mhz: 2301, Mhz Limit: 2301

Memory: 4k page, system-wide physical 24478M (12784M free)
TotalPageFile size 42782M (AvailPageFile size 27392M)
current process WorkingSet (physical memory assigned to process): 2018M, peak: 2204M
current process commit charge ("private bytes"): 2031M, peak: 2450M

vm_info: Java HotSpot(TM) 64-Bit Server VM (25.0.1+8-LTS-27) for windows-amd64 JRE (25.0.1+8-LTS-27), built on 2025-09-25T16:41:16Z with unknown MS VC++:1943

END.
